id,first_name,last_name,gender,ip_address
914446d0-cb27-4cc3-82d6-0245fcdd1645,Klara,Chasney,Female,10.163.77.235
41f6c006-ffdb-475f-91b4-71f90925306f,Adele,Vivash,Female,106.122.136.219
533c22fa-90a9-4599-a9eb-98513b61c6c1,Elsey,Gillimgham,Female,49.2.226.52
d9a0697b-d808-4c06-a695-69d2af9c1be5,Gloria,Ducarel,Female,89.237.124.207
296a7efb-d272-44f5-9106-be666292528c,Chandler,Ledwich,Bigender,141.136.131.133
91b8ae0d-9329-40c8-aaba-39b64b793dfb,Stan,Rundall,Male,147.237.92.225
e8f69979-c719-4918-b018-9d7d235f4d7f,Curry,Kornyshev,Male,254.101.140.98
db214db3-2a1b-47c6-9539-7f54fc0161ac,Bibby,Cansdell,Female,207.37.170.175
50467201-ea72-450b-a0ab-bd3c33c58d8e,Shela,Flobert,Female,171.21.224.40
0d540065-a2d6-4a61-b814-088da0f1805d,Ingaborg,Winchester,Female,111.164.127.59
1a5134a1-9279-418b-b2f0-69d382e5c520,Allard,Sciusscietto,Male,20.221.157.177
e2a25072-7648-43e2-84d8-f694633f7f8a,Jan,De Mars,Female,215.103.101.1
20aaaafe-a4f8-4cc9-a037-e7ae37bd084d,Prudy,McIlharga,Female,30.54.161.248
c95fc811-081c-4e0c-acea-4f8fe6428621,June,Burkill,Female,231.2.8.71
90d22cf7-5a4b-4a31-801a-df87b711eee0,Jannel,Thurston,Female,164.174.177.101
b1011c65-ce4e-47f5-a6da-b76d07e12dae,Frieda,Juan,Female,59.237.158.86
3084ad2d-8835-48cb-b781-c4d8977193e8,Miner,Sanchis,Male,52.26.142.211
ff4a1f8b-75c9-4622-8c71-9d44f728f39c,Babara,Burdytt,Female,68.180.87.82
603348c6-8764-4e78-aa12-fc62d39aaf17,Chandler,Erdis,Male,24.56.58.148
beb5526f-936a-46e0-a350-d2a148945128,Karola,Wallwork,Female,158.241.100.52
4aaf3e23-a89b-495e-b3e9-c2e30977cad7,Hillel,Degenhardt,Male,180.83.152.212
16e5fe5f-6b5e-46c9-ad6c-17f8ac5a05fa,Garwin,Phinn,Male,7.147.69.148
763267ca-2d81-4b40-951b-93305858dd0e,Arny,Wooff,Male,121.85.213.154
e2bb8d37-d9fd-428e-9449-f62b33b24e9e,Zolly,MacCombe,Male,191.251.105.150
9cceae3e-e496-4328-8e11-3a2d888033ff,Kip,Allsup,Female,223.113.43.210
0690c5c3-bda9-4101-981e-ddcd721e7b5a,Darda,Sworn,Female,71.117.200.189
ef31357d-d7ea-4b7d-8edb-9afb1d5f2a32,Tobit,Elson,Male,223.254.150.208
85dc2642-a472-485e-a335-94b790730773,Jodie,Crookshanks,Female,33.0.105.246
42f5f24e-0878-4a2c-9a5c-3aebde60ea3d,Hilario,Chinge,Male,200.18.176.166
60182ded-845c-4554-89fc-b941e6b18238,Gustav,Farthin,Male,88.124.133.115
7056db71-3b76-401f-b791-526d49b03acb,Marthena,Dyte,Polygender,246.84.194.92
2bcd0eab-7655-4d32-8435-5a19a57e8e2c,Vere,Plume,Female,202.92.215.223
8d94efe9-ebad-4970-907d-1967cd023943,Clemence,Wallice,Female,173.33.129.191
4b4b2e55-0882-43e5-a890-1bb7da138985,Silvia,Waterstone,Female,239.101.14.85
6322a5d0-7f31-40d6-84ad-c60e31040be7,Pepillo,Wiffield,Genderfluid,129.228.2.52
dd305692-04f4-4c0c-82de-a1fa6cbc0aba,Beret,Gricks,Female,154.218.179.67
08f13ae7-4dd3-4eb1-8e4b-562c7f8b699e,Marigold,Weavers,Female,11.13.19.90
04f3c081-5ee2-40a3-b0f7-6365f350192f,Sybila,Karlqvist,Female,16.59.248.1
e84777d9-af91-42b8-a630-ff51ccffb5db,Brigg,Foukx,Male,242.155.18.190
a595f72d-34d1-48aa-870d-c8682b9ea9be,Basil,Baugh,Male,90.79.242.241
28dc4517-6acb-40e3-b1b4-5d2becd211cc,Patin,Jenken,Male,109.17.128.211
d9f19b93-9f06-453a-9fae-8834f0b6a9e9,Nadiya,Cadwallader,Genderfluid,87.48.78.143
0618b3b2-fa5d-4406-9093-a20a78283edd,Tova,Bowkley,Genderqueer,159.200.202.9
81aeca43-4485-407a-af38-b57bea6e9f3c,Florinda,Sedge,Female,124.222.110.167
f3519713-6485-4afe-8866-49acb0980de4,Shea,Meynell,Female,53.243.98.245
a01ecc53-744c-45ce-b3b3-74053a35c913,Thadeus,Anderl,Genderfluid,229.255.4.18
60141b6d-e3f2-4830-af44-047e0ca5a95c,Kathi,Halleday,Female,2.179.214.248
eb895505-e441-4f03-be17-d04140d95d00,Shawn,Luxton,Genderfluid,98.170.136.154
862c47ff-650a-417b-8dd5-b2d0f3760b63,Katrine,Sayle,Female,145.5.75.56
1a8baad1-ab34-4006-9aae-bb509f897525,Gregor,Dreinan,Male,199.4.46.150
b2f60706-8717-4880-9a52-1cad2b83ad00,Ced,Stuchbury,Male,168.151.110.179
0a411f76-eb7b-44a4-a01c-ec5b526499f0,Ted,Cleary,Male,175.173.0.17
83801b5a-f798-47bc-93cc-efc6ace42b60,Alys,Pawsey,Female,122.36.35.110
e526efcd-4c8e-4d7b-942a-dbdb833d726f,Austin,Errichiello,Female,136.41.91.143
f67fc6e1-f3d1-43ce-afa0-e8683ec41fff,Ulric,McFadyen,Male,186.54.94.244
9d7bef9b-1cef-4fbc-a559-3068f2948239,Sukey,Brand,Female,201.103.15.43
4a4e3856-e3a8-4a42-b2bf-e485f00a0eb7,Berti,Werlock,Male,218.124.240.143
803520de-969e-4f6f-9251-2de0004d06f3,Henrik,Brigdale,Male,185.74.38.165
5d1d11e5-8e56-4c7c-9e9f-ee5f0154eb79,Blinny,Von Hindenburg,Female,44.164.117.52
04488c17-227b-444d-8eca-0e1d964c6dc4,Claiborne,Wapples,Male,205.121.55.49
26c4a9fd-3283-4e64-bbf9-08791cde7bc7,Shell,Tallow,Genderqueer,17.113.239.242
3657bab8-7dd5-4fb0-843e-91fd0204025c,Rodd,Balfour,Male,145.60.182.12
64872627-972a-4cea-a751-cb5b42e84a5d,Mathias,Darell,Male,1.191.163.172
73f1d880-0759-4092-8ef5-5204623aa51f,Bertina,Ternault,Female,160.112.146.145
f5c002f3-09fd-4d86-bbf3-7122c1290855,Trstram,Swanbourne,Male,200.75.96.117
1a1babb7-f5b2-4d46-a725-afea4577c0dc,Christopher,Maude,Agender,13.180.185.175
a858173d-84ab-4b38-8595-c49ed5582782,Annis,Cazin,Bigender,95.203.117.205
3e585df4-a2d4-4daf-af0e-0c05fefbb14b,Edyth,McManamon,Female,156.191.118.37
a41b374d-05f8-4940-83a6-35a245ed6d74,Olia,Dodson,Female,147.225.75.202
cc4716cf-5f02-4d2a-ab74-f8ec38bada35,Carmelle,Creavin,Female,12.76.72.215
b5ef0244-8f31-408a-b976-fd3b42cd5e8f,Hurley,Langer,Male,74.141.155.26
532520e7-7fe2-47a5-b00a-448f3abfce61,Kamilah,Maxweell,Female,22.189.200.108
6ed27252-33dc-458a-8c6b-3f5127d92fca,Daniel,Wilde,Polygender,1.231.141.140
497642a1-99d9-4074-8e58-0edecc39778e,Phil,Dalziel,Female,43.152.75.180
71ccbeb7-8ffc-4657-bdf7-336e3d46a39a,Sib,Haysar,Female,61.179.13.180
cd15d400-75b7-4b16-a6a4-4e8e0ee6133e,Myron,Bustin,Polygender,85.137.40.154
017371c9-98ad-4ccc-8183-7b570343fa70,Bobette,Wheble,Female,168.51.144.106
0c18f663-e177-4611-a50f-db0dcecd11ad,Ewen,Darko,Male,75.223.102.110
457579dd-1357-4fe9-a86f-e12366ff6f9c,Ram,Rowena,Male,243.201.130.118
a87d91a3-1ee8-42e6-8b89-7543b05c09a5,Currie,Johnstone,Male,148.150.9.208
28292b80-8a93-4f38-bef6-2c5a23f9881a,Garik,Rubbens,Male,238.41.252.217
a630264b-8f3a-45aa-a4c2-df2a2dd29905,Sam,Abrashkov,Polygender,179.32.156.207
7aaa4189-6df5-40ba-8e6e-bc7b0d02d0d2,Welby,Witz,Non-binary,61.68.45.113
9ada6226-6790-47e8-9f36-b83110e8a301,Tito,Dubock,Male,69.24.113.117
d2079a0d-afac-4139-ab8b-0f5943647ac7,Pierre,Georges,Male,128.165.193.242
0ca8390f-941c-4d27-a4a8-110b38f3f1be,Lulu,Dupre,Female,239.98.43.200
0de7854e-0ce0-4cec-85f9-1e1c95e08c4c,Thacher,Hekkert,Male,152.201.85.188
d04c678d-5a32-4e82-a8e9-031e22a1ed5c,Worthy,Angrock,Male,56.43.109.72
101642b9-834a-4469-ba84-3f9dfa066a9e,Gannon,Velasquez,Male,247.168.171.45
521276c1-f705-4f53-8b9f-cfc4f81775ca,Gwenny,Kock,Female,54.128.46.45
fad88258-52f5-4b69-809e-04a13191c5b8,Dirk,Grzegorzewicz,Male,160.193.29.33
27ad9d05-1e91-47fe-9a40-e7ff73de9d70,Rowan,Battleson,Male,151.51.92.105
7ed91312-fe54-47c6-90b9-47eda21770dd,Mathias,Cashman,Male,201.148.80.235
6c2334b7-8f7d-423b-80be-bd7475dd1afa,Lionello,Zamudio,Male,90.13.150.225
9687c50a-9f59-4dda-95ab-2e9f8be40e5e,Wally,Dibbs,Male,204.254.66.10
1b5bbc0d-4d92-480b-8452-b043e9109f36,Sela,Hazeldean,Female,153.31.63.136
c5d8fd63-7ab0-4dc1-b843-31f2557536bd,Neil,Kassel,Male,93.139.123.113
aaccf1b5-83de-47a2-abb0-62a4ed5fc512,Leelah,Faldo,Female,182.71.90.234
27ea16fd-5689-4c5b-9107-4aca0b1ca1e5,Adolphe,Clift,Male,106.79.207.209
0a55c50c-3c79-43c9-8c6e-4423bd605f99,Bessie,Ridding,Non-binary,218.254.124.115
113f0d47-3ef5-402b-9686-5116901ae188,Fonzie,Saveall,Polygender,104.214.111.107
1f574be9-e93b-486b-a518-1e16210d657b,Nelly,Casford,Female,162.216.141.156
b3e7fd03-c8c2-4841-8b61-e4d43ac5d0e3,Clair,Shower,Male,33.199.105.138
6d30ddbd-21d5-4802-b4f1-efda445ba8e2,Traver,Ulster,Male,112.160.244.101
bd933592-2538-4f08-9e18-3081da735531,Emmy,Rahill,Male,140.204.119.88
c80eff1b-4f9e-4e69-91e1-61fc3aa92bbc,Desdemona,Petrovic,Female,168.44.199.203
28cc7373-1257-4020-b1c9-d1a67c787386,Benjie,Suttill,Male,198.59.8.67
115cefb4-ad17-442d-859c-59d78d087b73,Indira,Jouanet,Female,84.184.150.192
bb5bf799-927f-49a7-af7e-3edeeb12cec0,Farr,McIlherran,Polygender,242.216.71.200
f4473bba-f9dc-420a-84c8-e8c3c395aaf6,Tonnie,Triebner,Male,135.34.118.190
49c3301f-5e0c-48bf-8857-01840a9b0f32,Delaney,Martensen,Male,208.41.248.177
f4c7651a-926d-4b65-af7c-651f5e78c1ea,Granthem,Waterfield,Male,31.193.49.112
63ea5705-af98-4570-a2f8-63af9d759be9,Renee,Twells,Agender,199.215.240.55
1b7b3bf6-4a43-4960-9faf-2f84a4658246,Burty,Ruffy,Male,237.55.93.126
022595f4-82e1-45cd-9634-0d575903c8d2,Hermine,Exposito,Female,222.144.57.87
68d8895c-e952-451d-9bd5-4d4926cbdb2b,Madelle,Wayman,Female,166.139.164.16
ccab9490-9974-418f-a6f5-c543445be0cd,Leicester,Maggorini,Male,224.13.100.100
a5928fdd-ee98-4f0e-87fc-08e785208671,Jessamine,Stellino,Female,161.253.175.96
6b81e9fb-d0d2-4fd9-bb0d-52b95719feb5,Salli,Rudgley,Female,188.162.137.214
f87278dc-d3b5-403b-bb41-cad1d8757663,Hilarius,Shoveller,Male,30.70.223.175
f157dd8f-6381-4313-9c8b-c8047a6f1b6c,Lila,Arend,Agender,255.213.3.205
db1245f9-7fbe-4d7e-84f2-333e026dad0c,Blancha,Reeman,Female,186.161.178.85
ccd055a9-8c9b-4049-a2c7-19f98a6ad3d7,Consuelo,Heffer,Agender,110.185.51.246
11634684-9003-4bf0-a99a-fa5c12ab63a2,Libbey,Gaunt,Female,249.12.210.211
023ce1af-1b61-4ffb-9f81-d4a45dc100ea,Rogers,Sanney,Male,196.218.233.224
c03dc673-5aef-4570-904e-2f9d97dfa423,Franciskus,Banfield,Male,51.98.177.26
bbbac3a7-554d-41ec-8ed2-a5e39f1ea2e2,Gerty,Wandtke,Female,109.229.16.107
f2c4b00f-93c6-4487-9ab1-d589ef6db2ae,Benjy,Gutridge,Male,66.233.218.251
1a951573-ff62-4f1c-a654-12c01a37660f,Ralf,Willimont,Polygender,18.107.131.119
1431a206-3af8-4c95-8dc3-d8f7cacaf70b,Giselle,Crowdy,Female,34.58.60.196
7158dd97-3b83-457d-b91e-831536eaf830,Albertina,Caslett,Female,238.219.185.69
5a62f597-6510-44d4-904e-86dd6a9b08c8,Koralle,Bamforth,Female,18.90.54.19
eca911cf-f3bc-4c27-bfec-6689973456a7,Eadie,Knocker,Female,69.14.38.51
51f9b6df-7a6f-4a0e-96de-69d349028e1d,Jaime,Cruikshanks,Male,115.41.99.194
8641112d-71b8-4606-a1b9-9479c3b94e59,Bella,Nursey,Female,180.198.167.56
08803d62-3b4f-4aff-a6e7-da8f4dae54d1,Estelle,Harris,Female,144.37.110.123
c9d3d05b-ce5b-4dad-bd7e-7fd9726e1842,Karil,Bambra,Female,242.88.64.182
b320b3c7-1394-4a9d-b3c1-e022a36f270a,Pauly,Pledge,Female,217.10.120.165
e11e8736-e244-478b-8466-017b31e8df50,Karel,Zelner,Male,126.31.112.147
0bcc00a4-c2f9-4caa-92ea-ce1a014b268d,Gretna,Brass,Non-binary,132.17.173.91
0642234a-47c3-463a-8d28-d87bffdef374,Sherline,McNeillie,Bigender,41.47.135.181
e9b85148-5116-4a63-b8b9-9dc1d701fda1,Nanni,Cornes,Female,151.129.46.246
67aa4599-82aa-40f3-b427-d1121ca5f7c0,Zaccaria,Lenney,Male,194.209.16.30
1ddce04a-55a7-448c-a682-6bbc3c6c723b,Allis,Nolin,Female,105.78.141.65
f66a8574-4c22-43e9-bc2f-01e860350f91,Christi,Chippin,Female,21.209.199.141
4dd0b6f5-fec5-4654-928e-9b7bc1ad35e5,Zak,Heers,Male,137.40.68.56
f9a2b1a9-348a-424c-abfd-0cfa58a0f3cd,Deni,Nettles,Female,175.163.221.37
ced1e2af-7a88-4835-8cf8-5ee662de0733,Barty,Clute,Male,221.109.110.57
88c3a84d-3241-4224-bf0b-681af2629c1b,Cammie,Esselen,Female,201.122.132.135
0ff9651b-a2c5-4f4a-a2ad-06173e5c1013,Base,L' Anglois,Male,199.102.226.92
710cbf87-ed95-409a-b25a-dd6be86f1aee,Redford,Riggey,Male,82.13.92.254
463464d8-2055-4ecb-bfde-c08d291aa774,Colman,Proudler,Male,247.79.28.143
b203bfdf-4e98-4f2e-86c1-a3d8e3ae6319,Marcel,Patel,Genderqueer,7.107.18.217
d9aa2887-ac19-40ee-88e9-d1d25c22e4f6,Giavani,Corcoran,Genderqueer,25.59.30.148
79e0b288-7819-4cda-a78b-8ea99c084ef3,Arlen,Rutter,Female,164.165.200.214
81130f0b-8c47-43d7-856c-d5b100a95265,Domenico,Dowdle,Male,58.225.106.80
c11ddf66-4e65-44db-a34e-4a0657135ab5,Kerrin,Crozier,Female,115.139.85.185
70582963-4422-460d-b1db-7da8bb68848a,Morris,Evensden,Male,114.76.68.70
b469825f-ff50-42c8-8852-c5040cff07b8,Roslyn,Gowland,Female,89.50.27.24
e7af8c20-5939-468e-8d97-f696becc6afc,Vance,Bryant,Genderfluid,92.86.3.112
e7da0390-43ec-4c3e-ad9f-cffad8d55189,Darsie,Cundict,Female,119.148.55.69
648bf7b7-952e-4d9c-8fdf-a46e76227173,Randall,Cowpe,Male,124.193.95.42
2ef21cb7-eff8-4535-bdeb-d619ff8de990,Dorian,Ivanchenkov,Male,102.106.94.71
2b64d53e-f997-46ce-ac54-1e76d6b0205c,Wini,Scotchmore,Female,36.160.188.201
7d90ce85-c6b8-45eb-a5fd-f92066ae23f9,Frazier,Frosch,Male,125.42.214.29
9c33f853-a764-4e34-91a0-4eb4e1983af2,Raphaela,Dyke,Genderqueer,15.50.187.154
dd0d0361-dd4e-46ba-8cae-d047ea017854,Dare,Pheasey,Male,220.158.248.29
53b8c303-2dea-4e59-9447-bf70862596a7,Essy,Crackel,Female,36.201.191.102
fb9cd65a-e994-4e6f-81b0-fb625b3cc99f,Kristian,Nuccii,Male,218.47.170.129
bb809805-9a68-47ee-b2a5-0fdde3342ad4,Sergio,Gruczka,Male,144.58.36.149
81a98f76-a3f7-4bec-bec3-537253505c9d,Jereme,Stebbing,Male,127.116.34.130
f35989f3-cf1a-4540-bc8f-3f7a8f05429f,Tobe,Pitfield,Female,29.61.106.149
ffca1d01-6b78-4341-a06c-52c0ed76555c,Nikos,Pomery,Male,247.248.73.69
4ba085af-ba9b-4d3c-b810-37b144b7eea5,Jamesy,Haggarth,Male,205.6.241.148
2a2d41f5-82c3-4f04-810b-4657b4b6464b,Ashley,Tidey,Male,165.120.172.137
d1e53951-1613-48ab-b94d-90461e1edcdf,Yul,Lampbrecht,Male,24.121.143.52
e9ecd4f1-be1e-4f5b-b185-3f2d8f091927,Teriann,Hackwell,Female,248.180.103.239
cd1d4837-0b87-47a0-a7c5-731be7582aad,Margareta,Enga,Female,47.42.180.167
c45d83fd-98ba-4c54-8139-6a75469727ec,Malena,Mortimer,Female,193.135.151.236
4a1386b4-d082-4bdd-bd5f-af10ca66b798,Clarinda,Griswaite,Female,138.72.1.92
63374766-07f3-414b-a37b-e7f65f2dae67,Artus,Dorbin,Male,231.225.215.220
bca345ee-6116-41a0-829f-7a75aafc7ce1,Catriona,Marriot,Female,94.250.136.139
c71d27bf-bf75-4c01-ab4a-b26ccbc13e1e,Nanon,Titmuss,Female,133.89.192.80
006b2fbf-650f-4660-978b-85648a5818bd,Mayer,Balcon,Male,254.79.201.87
13b87d1b-281c-49bd-95f3-6d20e2ccdb46,Corrina,Middup,Female,251.67.132.100
e3a875d5-b84b-4a9f-be03-07e9a4d37beb,Tobin,Aldham,Male,174.80.239.237
a3b5cba3-7541-4b85-abe3-9aab356781ac,Dominique,Fairbeard,Female,255.172.231.9
cdd4158c-c7f3-486e-98b6-5fbd7c8f4a31,Edvard,Dovidaitis,Male,228.175.78.246
86b6370c-0a51-427a-aae5-70b66321efb8,Derek,Cowern,Male,120.234.72.214
ba2b4945-7d9a-4850-9f62-7cc9aba7625c,Packston,Sealeaf,Male,140.24.38.238
80ad1989-0f11-4ca5-879b-576055e0c0fd,Debbie,Makinson,Female,228.93.14.176
d29bba3d-fc93-4914-8538-1f3588fcad50,Windy,Jeannet,Female,70.66.163.200
d3e3ca0c-acfc-4628-ac0e-1b48d4357155,Beverlee,Margetts,Female,136.118.5.80
597161c9-93a3-4733-9b49-7a7d511aec67,Hunfredo,Matiasek,Male,195.206.135.230
e22ab164-c561-4fb0-a365-1d785b196c45,Isabelle,Woolgar,Female,21.124.38.243
443c6a95-69c4-449e-aac1-9df5f179183f,Bill,Huglin,Non-binary,104.22.227.113
27d1d2c1-7e0e-46f6-8d63-afe43e871464,Virge,Laydel,Male,79.245.209.192
1d77d2c5-60ae-4475-8f26-238efc0c5bf6,Ode,Pennycord,Male,170.45.224.62
f7430d55-c46f-496e-8f67-0454d7fd3686,Alanson,Portwain,Male,157.241.62.132
e4f4f26b-885d-4aa1-9fb2-e247399aa6b2,Nada,Rudwell,Female,43.180.10.188
aa2dbbae-3b4f-492d-b424-bd6f64d40d54,Carri,McIlreavy,Female,202.150.209.162
d82a7491-5993-4e70-ae6b-f8a691da00c5,Jarrid,Methuen,Male,118.118.56.45
82f99647-5ff2-4966-9d9b-1d9695c2008b,Isiahi,Murrum,Male,223.164.173.46
079c86db-4bf6-4c70-a153-73762d3a79d4,Larine,Aberdalgy,Female,164.77.144.117
716e3953-6180-40e9-9158-42d5975164de,Dixie,Littledyke,Female,57.61.220.164
b86b0ecd-28b2-43d7-99a6-31842d18d08f,Jayne,Shillabeare,Female,75.125.69.209
5c79de99-31ed-4254-8247-48fed730ef93,Alis,Uttley,Female,255.103.65.3
2b6abd1a-296a-4c95-9ab3-2526bc377710,Harrietta,Dagger,Female,105.193.81.87
a4305b14-00c6-47b3-aba1-d7a5a0fc9f2c,Paten,Deehan,Male,137.141.29.245
edb4843b-5e07-43d6-94a1-ab8c7c0e9fa9,Samuele,Van der Brug,Polygender,143.248.182.100
c788bb88-f4cb-4d18-a85c-9e8b349ee325,Gilberte,Fowlds,Female,175.204.7.169
0d92c044-c5eb-4c48-9ce5-fbee87c5dcba,Michal,Dimmock,Male,224.72.194.157
bf27eda1-719d-4805-8e7d-c20930b71490,Charlton,Gardener,Male,31.118.239.130
eff8d8eb-6f08-42fc-87dd-b177b88a66ce,Christy,Birtley,Male,4.218.88.250
d044f81e-6011-43d2-8b94-a8216e7cba38,Padraig,Fitchell,Male,112.57.113.235
435800ad-bade-49bb-8f67-e95dd7ec5649,Amos,McAvaddy,Male,121.218.189.63
a5264753-3ed5-46b0-a961-e85637484313,Dayle,Oxby,Agender,6.69.90.45
29751958-9b46-4b57-8e9d-18b37a75ba6a,Chaddy,Mulran,Male,190.58.87.130
0a16c59a-8b0f-48fa-a847-71d6f5ed606f,Annissa,Archbald,Female,23.36.210.52
4b45a27f-ca0c-438e-955e-4f8f9428b977,Mohandis,Pohls,Male,171.51.94.147
d99f0d93-ab99-45fd-8946-fe4191db22c1,Byrann,Goudman,Male,24.220.42.57
a6e69586-56b6-4e6a-8ebe-bb6e1f14986c,Arni,Labb,Male,48.73.61.1
c5059823-44ef-48eb-bbb6-42d9389190ee,Tori,Cufflin,Female,168.63.118.70
1134e444-3aba-45fd-93ad-86efb996afb9,Frances,Rubinovitsch,Female,248.212.50.209
fda7b8ab-6b43-4d8d-9d3c-badfcb4d46cf,Caroline,Pace,Female,226.140.61.241
a61b2610-d6b2-480d-8f32-53df6a2e4dc4,Carolin,Winram,Female,240.132.228.150
1f7dbeaf-b47f-4278-ac1a-a531154a4474,Weider,Birnie,Male,199.224.56.32
fe82daa9-cab3-4b02-b4d3-f5db7ab0d5d7,Siouxie,Huckfield,Female,246.215.30.125
ffaf63df-7c23-4434-91f4-b57ad06d7da4,Rawley,Bernardon,Male,27.255.94.118
da687048-8739-449d-a69e-c0d304b1e182,Hedy,Guillet,Female,230.102.109.24
44ff7857-0971-43dd-8cc1-8fe160a53ad7,Orland,Dracey,Male,251.254.10.215
e987c5cd-0940-478a-81e1-77b9f330dffa,Ertha,Critcher,Female,15.247.133.34
eb46f932-a55c-4a2d-a94b-4ee01f5f42b9,Konstantin,Late,Male,84.53.19.126
f72b25a3-aa6e-41c8-ab4f-5b5b86a327ab,Cornie,Firmin,Male,239.101.57.254
b0fc8577-b9ee-43ef-859c-b0c4062101f1,Luz,Silvermann,Female,251.68.213.141
a1dd8846-a900-4a1a-9469-612bc20ad0b8,Marlena,Breen,Female,227.73.249.19
f64c6b4c-6b79-4b84-981d-d8872b4a947e,Kilian,Covert,Male,221.84.216.26
40e095e4-9751-4578-b5ee-9802c2bf835c,Sean,Bryden,Male,198.56.237.94
e1c67414-f558-4b7c-aad2-32a248e434e6,Kalinda,Rowell,Female,212.44.59.203
acd51414-57fa-4264-9a91-8f4d0c85e571,Del,Cardenosa,Male,183.159.58.87
efa41f21-4366-434b-b060-fc80bc47df83,Merla,Maccree,Female,40.133.242.44
768ce086-fb0b-487d-840b-a7094cef70e7,Timmie,Izard,Female,163.37.1.164
0b274f11-0b20-4f9f-b00a-da3914c74a17,Eduardo,Ganiclef,Male,70.97.106.237
1ede5ea0-a084-43f3-9376-aa2476eaa2ce,Parsifal,Hamner,Male,255.19.70.216
a0e7b765-b343-43c0-9a23-23fa1f517c5c,Farley,Greatbatch,Male,250.137.137.82
2829de8e-1423-41ac-85f6-6dddf5b111b9,Merrill,Matushenko,Male,171.205.149.118
3b0300b2-230c-430b-a8d0-3b445cdd1821,Selia,Lightoller,Female,157.197.146.85
01d4246b-db90-4d67-885b-89d6b7a63401,Prinz,Ferryn,Male,213.206.9.32
8e52074a-6664-4ad7-b745-3af719c12fb1,Blisse,Ocheltree,Female,29.233.131.80
6db3f892-0a35-4f3f-8c92-45619146793f,Coralie,Whistan,Agender,22.159.87.174
5ec723cb-4ce6-4208-a60a-9eb7e36bbfb9,Skipper,Piercy,Male,194.62.129.191
6f7c8d2a-86ba-4063-b773-f9042bd51317,Miles,Fawthrop,Male,65.125.211.228
eb2b64d0-c2b4-4832-a2f9-2259f57ee624,Mason,Skynner,Male,40.116.210.115
ad2ab49d-d89b-4a25-8701-d237cd5d707c,Dyane,Gairdner,Female,138.107.199.219
339d6cc4-a48c-448d-bd8d-ea65fb8d9ce8,Gennie,Infantino,Female,72.176.49.34
3fb3279a-efd6-4a94-9d4f-8cba863eb8b8,Darb,Widmoor,Female,193.140.100.93
f06ac19f-1bb1-48ab-af40-84ac6407965b,Dniren,Fonte,Female,126.72.18.50
940b5b22-0d40-48e1-b69a-6e00f9cbdf1d,Roger,Adenet,Male,43.225.83.52
088eb103-fc23-43e1-aad1-2ffb59c35cbf,Rickey,Misk,Male,143.154.254.209
ffc2d70a-bed9-4b39-977c-22df93843ba0,Paquito,Finn,Male,110.109.22.111
da70ee69-8167-4dba-a19d-850e20e1b99c,Adelind,Abramamovh,Female,84.78.255.120
72c831e1-f3de-4088-81b4-45259fac1f91,Brand,Baughan,Male,81.164.215.24
e890c5b5-16f2-4de1-a300-fbeecfff571e,Chico,Clewes,Male,249.84.109.63
4261c2e9-548e-4cba-9295-ee508ea7ffba,Sibelle,Casacchia,Female,168.158.92.169
49c590d6-e733-4ce7-a6b6-22df85e3b379,Noll,Abbyss,Male,25.213.27.230
27552ecb-f81f-476b-b9c0-71846eca4943,Bron,Nichols,Male,239.210.186.69
1d8006b3-2e4f-48e0-a197-a5ddc413c50e,Jemimah,Minghetti,Female,29.234.147.106
a2fa04bb-5cae-4454-ae60-ad95788a5ac9,Georas,Kwietek,Male,223.254.161.112
26a18506-e963-4a0b-8a49-cca60a667606,Malory,Leindecker,Female,97.121.101.152
5efa087e-f26e-4449-a6ca-45df76e22720,Tanhya,Lonsdale,Female,100.29.177.240
81788534-628f-48b6-bf92-dd5d6f93a01b,Danny,Verdie,Male,54.194.116.6
e5d25fec-38d6-4a99-92a5-f11b6d7979fa,Zacharia,Elderkin,Male,117.63.146.116
e2cb7fa5-9ca6-4773-9c8b-babb56d7dc2d,Vladimir,Cronkshaw,Male,135.18.70.141
9fb4398f-f9f5-46d4-bad7-5fff6873227f,Cointon,Jessope,Bigender,128.66.232.81
705524fc-7e91-46c9-9607-fe0415f72a64,Veradis,Byrth,Female,137.116.205.91
867b8606-fc17-4d22-b498-e00f6800b128,Barn,Tythacott,Male,217.162.222.65
08e434b3-a643-4999-a166-6cb52631e1e6,Roddy,Wyper,Bigender,237.140.255.52
d5426d2f-cac3-4d90-9b24-a1e66f41f18c,Augusto,Bexon,Male,9.127.89.109
a7058c5b-4c89-461b-b3ed-f6b74abb5d66,Borden,Romeo,Male,236.222.25.224
aab5bedc-a7d9-4250-a195-9e0b463cff2c,Clovis,Hugueville,Female,152.67.36.197
4243f742-4a4b-4020-ac9f-a4fe601e8b3e,Hyatt,Yarrall,Male,131.225.82.191
b207017d-815a-4673-8a1c-0d6771e92de0,Zorana,Beall,Female,153.135.71.167
ac852518-8bea-4187-9d7a-a4dda86eeeb0,Corrie,Rumsby,Male,119.35.220.139
26b0b739-c008-4e11-978e-b72218a4e0e5,Nap,Blanchet,Male,27.144.206.37
0969fa92-eed7-48f2-9e46-d396fe7928bf,Dulcinea,Olivetta,Female,239.224.192.6
5aa548e0-3181-49f4-a138-01e9c5891ba3,Kassie,Ivancevic,Female,202.126.147.84
bf7c2378-243c-4e05-adc8-ddb09056f9cf,Binni,Paolone,Female,203.26.237.144
1ea83d2e-aabd-4afa-b9c5-e17f7f5559a5,Donal,Oulet,Male,160.102.104.18
2adc66e5-8595-4783-ab10-a56d0b6e05fb,Miranda,Benning,Female,111.176.71.184
b7918e3e-a655-483c-841c-b093d95d50d8,Artus,Baldelli,Male,219.183.42.71
9e35af35-4ec1-4ae2-a2c2-ed98c7ad0e8f,Glynda,Hulke,Female,68.115.146.226
deabd193-e973-41db-90eb-7a0d829b1202,Karleen,Huard,Female,182.167.90.78
d473f59e-0b37-4eaa-99fe-f60ece42fdae,Gerianne,Breawood,Female,248.193.122.32
df84b5cb-b682-4e1d-a012-a95a623c252c,Eadie,Polkinghorne,Female,243.118.34.208
96ce3fc5-a72f-48e7-b3d0-aad1a82afcbe,Nanon,Jahnig,Agender,206.31.252.89
1bbd2beb-3c06-4215-ab62-7c8624858d3b,Ignatius,Tidgewell,Male,139.101.248.88
4ad88343-10aa-4a45-a63d-33b203281399,Peter,Danielkiewicz,Male,238.70.230.255
18b8fda4-d56a-4c8b-b3d6-791ec77ccf5d,Waverley,Macia,Male,138.91.109.244
7750c876-56ac-4018-b689-1e0c768a0e4f,Bettine,Salmen,Female,115.169.236.239
6e3a8d43-4a08-41d9-8d43-abf9b25234dd,Geralda,Crompton,Female,233.189.111.214
8d4dc98f-570e-4b8c-9737-8e8f77462837,Lorne,Boxe,Female,191.129.68.55
39b0b63b-3030-40b3-8ddf-be2a498fd8f5,Amalie,Fantonetti,Female,167.123.202.45
813d47d9-6d7a-47dc-8041-32b379674075,Agnella,Popplewell,Female,189.81.173.52
4cf11ff0-2d5f-431e-891b-15855760d4f3,Harrison,Timcke,Male,28.3.145.33
81255ec5-f002-4eef-b466-5017ae8c6339,Celka,Sandilands,Female,5.155.177.140
5e0d4948-f6a0-427a-8dc5-28161099bf76,Neddie,Burchmore,Male,213.134.163.207
4ce9900f-7493-47f6-86e3-c840a0e3e783,Whitney,Child,Female,209.25.106.194
7c9505ef-d932-433e-a23a-f5fc99facff3,Angie,Elder,Male,118.169.17.43
991d8da6-94fd-4692-82c2-b839754dda42,Adah,Claypole,Female,136.240.1.163
a9bbc4e9-4417-4ca5-867d-a3373fab675b,Launce,Janata,Male,2.199.145.93
20f9f12e-055c-47d6-9e71-576c0fad9e49,Saleem,Lambrook,Male,72.103.4.43
aa10c5a2-80ee-4cee-b3cb-606d3c560c4b,Rhodie,Flaxon,Female,64.66.5.232
d6b62459-c90d-4190-98a2-915b49426d69,Catha,Spence,Female,77.40.53.100
c6f43d3e-0963-47c5-a5f8-411dfab73aab,Carrol,Durno,Male,169.77.115.114
729d4df6-f480-4d39-bfeb-966027c39357,Burke,Stack,Male,182.207.178.144
3ad54893-59bd-4ce9-82a9-f4538b288e14,Alleyn,Bastard,Genderqueer,249.121.153.214
d1cd1a46-b749-4080-8121-7b02c593186a,Loella,Frayn,Female,135.58.96.172
f1ea6a0b-63f9-47d5-b83c-ee790dd0c1b9,Tiffy,Shepeard,Female,78.218.10.63
4d82d527-9bca-43a2-bca3-e39854e50339,Lotti,Gallemore,Female,246.105.182.84
1a95ffab-b17d-42b4-ae9d-0980e30a8a51,Giorgio,Skirlin,Male,94.153.113.48
0281d25d-e398-46a3-a018-7af89f8a8d92,Jacquelyn,Souster,Female,57.124.20.85
f0f6515e-3939-44bb-bf94-8b76d889ae05,Byrann,Varcoe,Male,144.217.219.226
9aa5ef4a-3de0-422f-8ac0-b651f3389b07,Bruno,Paule,Male,17.231.63.145
0c94930a-abd5-4df8-bc55-a2ee8fa72808,Star,McGeachy,Female,7.85.124.167
31595330-e780-4a89-a2f3-efcbfeedb459,Gallard,Gilffillan,Male,235.202.55.249
5d61cb5e-f78d-4cc8-9ae4-ec726582f158,Ambrosius,Baversor,Male,229.33.186.5
33be7e41-6222-4ed0-b7ad-8dabf2f352a1,Algernon,Gooder,Male,248.35.37.200
57653344-f022-4946-b5b4-7ecd362e7518,Rochella,Wolffers,Female,116.5.57.42
38b657d5-f0d0-4621-b842-aac42a3c17ad,Darcee,Gavriel,Female,32.191.71.140
d332b1f2-4e5c-4dd6-817b-23e154e4e740,Glenn,Crockatt,Male,121.238.135.14
3b3e7b8c-479d-4aa2-835e-0ddea83edcc3,Alasteir,Teeney,Male,74.138.183.62
16046fa0-99c1-4b27-8a61-6c9214ced8a3,Tierney,Knock,Female,197.249.83.91
a4209533-ed8f-4dd9-ad77-245644794227,Willis,Durek,Male,121.244.134.149
fceff344-9247-4767-b7eb-d9d0ea8e107b,Niko,Kettle,Male,245.148.34.129
233cb658-ab52-4687-972b-adcd6f87956e,Montague,Ramsay,Male,112.246.215.138
ae03ad9d-fc10-4b51-a29e-e454eef62c16,Vita,Destouche,Female,220.22.94.148
6ae5bb0a-861d-4f8a-8cad-272391e39fa1,Tamarah,Grist,Female,66.131.247.246
ecb1f874-4461-498e-b264-defed9c327dd,Shepherd,Edden,Male,156.243.229.224
9b2df891-afe3-4548-a247-59c2c1263abe,Darcy,Jirzik,Male,192.8.30.239
513d7f12-16c7-45f8-9a85-3c62b8ee39d6,Linn,Ravelus,Female,71.120.33.182
acfaf6b3-c548-44a8-a318-e9864986f37d,Roobbie,Pottinger,Female,86.227.69.63
fb095ee6-e3cd-4ab9-bc7b-26d06538ff61,Milicent,Elleyne,Female,247.51.66.4
fd9ec265-0f29-4efc-b578-b9b994f9e834,Frannie,Enders,Male,74.19.89.42
4929ebc8-095f-4095-ae67-273f35e48a3d,Herbie,Dabels,Genderfluid,203.218.248.119
c740b68a-bd04-46d9-9036-45e900c98868,Ardith,Potteril,Female,62.127.70.252
bdd7db58-bb0a-4b59-99a5-706e1d0b8373,Joannes,Doone,Female,24.126.91.122
75ac035b-3696-4a70-8bf2-639022806239,Flint,Slarke,Male,50.243.242.121
67424d0e-1608-4a66-8382-6512d76f90ac,May,Deakin,Female,115.28.155.191
bcaaf6cc-f8ff-4dcd-a950-f7c53936d0ab,Sven,Abbay,Male,248.75.200.11
8e3ad18f-6270-45d9-b180-b1566bec67e1,Lorain,De Antoni,Female,23.228.122.193
9a6d6898-552e-4081-9988-0317640d03e3,Lian,Tenpenny,Female,149.250.247.39
0faac3d3-0fa8-4117-9af1-cf43086169e7,Vin,Aleswell,Male,186.240.97.186
2faa329f-0547-441d-9ee9-fa461d2026d7,Julio,Swaby,Male,221.126.134.141
da5822b9-c7cc-4e08-bbc6-54ccc18c23b7,Marielle,Bourdon,Female,200.55.172.170
89368265-3e86-421f-88d8-921bca343e9f,Kali,Upcraft,Female,106.143.236.2
2f710aa0-d278-49ee-a1c1-fc1175de9a30,Elliot,Headings,Genderfluid,127.51.175.182
8a3ff714-dbe3-45f0-9a94-62b5da3b850c,Tina,Croci,Female,144.10.24.13
029ce3af-f906-4a3f-ac82-43075ca8cb55,Daron,Cattlemull,Male,67.154.237.231
aa1e38b6-f750-4e31-838d-e25cd9712d93,Tades,Aitkin,Male,251.148.4.152
acdc5e58-32c3-4b74-b910-7269e8bfe676,Huey,Annell,Male,218.133.52.82
fa1757a8-5307-426a-8e37-e880ead76784,Guinna,Sherbourne,Female,7.87.224.128
3c217a1a-3006-4d39-8d67-822de975fbe3,Samson,Foulcher,Male,172.228.129.49
5c7401f0-30a2-4bd7-b004-c4dcaed241f9,Svend,Colwill,Male,127.85.60.69
2a770742-4661-49c7-9062-d6f94d6c1c64,Earle,Piechnik,Male,255.222.188.105
e236148e-a338-4e03-90bb-e7b85afa865f,Xymenes,Braunfeld,Male,15.56.31.50
9eccaa5a-ec3e-426e-956a-62dffe9e45a0,Mady,Impleton,Polygender,42.191.173.164
c1908f4c-decc-4332-8a0e-432fe8611849,Jeanette,Atlay,Agender,42.254.69.19
14247a2e-c2ea-48c7-8678-6e0d9eaca204,Linnea,Tabard,Female,143.251.243.58
79ff75e9-3ad6-425d-9810-921903f69ed6,Teddy,Langer,Female,76.92.137.90
13589558-37a8-48ad-b57e-e87c5f02b839,Lawrence,Lyptrade,Male,138.95.185.153
b1d5ad9b-63b6-421a-b73e-4fc3277fce90,Link,Gawkes,Male,145.38.249.175
7627acaf-86f3-4941-825a-cd602f5ddc9d,Adelaida,Kemell,Female,113.132.17.68
890a2287-df03-48a8-ac00-b83b46ffcb4c,Robbi,Hardin,Female,37.126.138.111
21b506dc-d6a7-4aef-a0b7-62c01aa03faf,Yoshi,Ivanishev,Female,160.171.14.218
ed620f63-a517-4945-8d78-bc3cc7612e8b,Phillis,Spacy,Female,232.159.81.35
ad5b96ba-d21b-4c1e-9bea-73ccf91a428e,Madlen,Paule,Female,96.116.212.118
962f0d7e-3658-4bc9-adb3-e0450ed74e1c,Glen,Norewood,Female,13.151.216.88
a1ad39dc-18f2-483f-b316-bb65e775307c,Rusty,Markel,Male,184.254.226.158
ea2bfb08-8da5-430a-b36c-5ffcc619a786,Symon,Kingsley,Male,189.242.61.135
d65c660c-6551-4f66-a6bb-3f08d94a7766,Artemas,Edridge,Bigender,12.244.227.190
f4531615-aa1e-4860-8f34-14262c1430c3,Meridel,Karel,Female,188.39.92.93
758daddb-dda1-424c-b26d-5780153a92ca,Lydon,Dogg,Male,23.188.132.212
279a2e43-46f8-4fd4-aef2-b4a8c24129c2,Hermina,Canter,Female,118.221.63.2
7671c2dd-30b9-44f2-b1dd-a578560d0c27,Berny,Dunn,Genderfluid,178.170.137.200
b7c63ef7-bd46-4118-afd3-a2a2a1a82194,Dina,Cappineer,Female,184.244.17.9
f75e1238-06bc-4ed0-b50a-ea4087d9663b,Corrina,Bartoloma,Female,19.157.124.157
47294e0c-fcdc-40a6-9573-455b58650362,Marrilee,Roddam,Female,185.145.161.118
410374b8-ac03-4b1d-8699-b1ef090fa491,Minetta,Capell,Female,48.154.63.159
0120f317-7f91-474a-86fc-89ef7119b65a,Germain,Brookton,Male,57.181.164.141
8f99ae50-55e9-4c3d-a282-89dc9ebe529e,Rozele,Sandeland,Female,44.111.3.133
5443afb4-4683-4280-aeec-b79e5a0549ae,Krystalle,Bertin,Female,1.14.152.56
b57e5d76-1bb6-4b43-9822-93c9c1577afa,Alisa,Childe,Female,245.218.195.139
93ebbfd6-31bc-4d39-8bcb-78fbf7f5e6a7,Emylee,Videneev,Female,7.230.60.208
8b25dee1-348f-499f-822d-20799fc2640a,Giuseppe,Moine,Male,97.150.82.121
884936e5-c546-4044-b1ec-fcc8b4801cf4,Findlay,Bradley,Male,65.112.146.134
f7017e1a-76a6-4088-a5ab-f346289f311d,Irma,Tapscott,Non-binary,143.111.133.190
d2518d1a-751f-4b5d-9783-37b5484378c2,Janean,Rosenblath,Female,36.77.5.184
d4a36e82-bc56-443a-9a4b-d5bfbc22222b,Mace,Cesaric,Male,27.17.102.243
c1675094-6fa8-4260-a081-b5a6a7b9852f,Dani,Farrears,Male,242.228.226.139
3cdb59f8-9a8f-4940-9a7c-f01fdfa054a2,Jojo,Sinnock,Female,198.246.240.166
cbd6df6a-6e4e-4866-97e8-3fcd84e452a0,Etan,Dearlove,Male,164.222.53.47
fc06e4f1-ea7e-422e-afbe-1ef0e5221b31,Baxie,Poyle,Non-binary,25.34.100.191
2618caf6-1533-4bd0-8b4d-1b2c74396acd,Sallyann,Brennon,Female,110.145.204.67
07f53f6a-5408-4f43-be30-d96edc3e4c6a,Anica,Maharg,Female,106.2.154.16
2ceaf5e3-65a4-4051-978f-ecc71c669bef,Ken,Ballach,Male,88.246.214.78
cf186c6a-9e07-4f89-8491-a2df82a73aad,Darby,Croci,Male,131.211.65.73
e03da297-bbfe-47ce-958a-9ab06ea79e29,Krishnah,Maylor,Polygender,32.46.224.153
2298d192-263a-4a1f-8de5-c6acd84e6368,Odey,Cosstick,Male,93.79.74.114
9d124093-929e-4528-b934-17dcd7c4c532,Charin,Bourton,Female,27.137.168.151
d876ae3f-b813-4970-94f1-cc6eef4d3645,Rockwell,Hylands,Male,169.84.50.77
6f95c538-fb8b-4ad0-80f1-e659a5313140,Kathe,Negal,Female,162.55.9.170
1790a046-d21b-4044-a0fc-6f8e03ade811,Roxanna,Lob,Female,163.142.62.92
ae62414f-184f-47f5-9704-79e04350afc2,Dolores,Stollard,Female,99.163.158.166
55046a9a-8a73-4675-ae75-0497a064dbf5,Broderick,Routley,Male,34.167.16.242
f6441820-d1da-4b0a-9c18-a23fd92c45ef,Agnes,Kenward,Female,153.217.23.119
1e46f8ea-9579-4739-a0b9-41b272283b04,Hilliard,Pavic,Male,167.163.142.228
7cb7a8fa-3c50-45f9-8b3e-3e5a3eee3b5e,Dru,Condy,Female,249.114.250.175
1786a36a-3e1c-4679-80d9-8b8228d7763e,Cynthie,Penk,Female,254.92.119.94
0fcb7b5f-ea87-4e2e-92e4-4b7e43e17e81,Kelby,Orteau,Male,39.78.152.109
aab84419-bf09-431c-b903-2bdbd8d2b1eb,Miltie,Bodley,Male,62.128.10.177
5fd30b2a-07a4-4ec1-b068-ad726c4369ab,Ham,Gronous,Male,159.250.144.176
e155f975-4fc1-4fcb-abe6-543595e4fa07,Carola,Randleson,Female,236.183.7.33
0525deb2-b2c0-4180-b071-c1a3d876a29a,Anne-marie,Tarpey,Non-binary,209.160.170.19
7d618689-f4f5-4838-923a-bdaafba73464,Hartley,Potteridge,Male,37.78.174.61
e80b1d52-e634-49ac-b9a6-e1f521f316ad,Christy,A'field,Male,60.115.82.97
5b9db4d3-6611-436d-a1ac-2cb9f3c49df1,Matteo,Barrett,Male,28.90.39.227
622a67f8-81e5-4f93-9a14-f1224473430a,Mona,Sanney,Female,152.120.232.37
2ed95bcd-fb03-4cd7-b97e-a2ae3de0ad45,Zaneta,Flageul,Polygender,11.174.253.51
5bb67107-70ad-4510-8e67-dde9f4f8c5f7,Reilly,Dowker,Male,241.252.203.71
d2e88c64-7718-4df8-85ff-272b45c19a1d,Rudyard,Culbert,Genderfluid,93.120.230.248
62327f6b-c2a8-4964-b6ff-64968b5a0464,Osmund,Blunsden,Genderfluid,134.184.10.191
897afa95-280d-4c79-bc1e-33ff5645c517,Gustavo,McCumesky,Male,255.99.66.93
e995a081-5baa-4562-926d-4881c47fee8f,Purcell,Bedminster,Male,202.76.182.65
854947ed-906f-4eed-adef-a9b77c58cd98,Rodger,Surgeoner,Male,100.114.10.116
7c85299a-2c06-449e-96b8-1bd794915fca,Cal,Jecks,Male,25.24.231.255
708e6539-74cf-4f3f-993e-6c90f96a444b,Mandie,Brannan,Female,184.178.107.181
dd4413cc-595b-4833-826c-c39c077a8589,Sansone,Goss,Male,64.176.198.239
a811465d-5061-4151-9cc8-afbfc2e5c9ad,Adel,Bauld,Female,33.52.71.37
4b8f8534-7ff6-4c08-a3d0-7f5cd7645767,Grace,Piotr,Female,169.176.12.184
89d0788f-7c96-48ac-870d-1916a26f166e,Quint,Muckle,Male,230.121.201.21
50d81972-744e-4390-84f6-4c10dd85059a,Hedwig,Proffitt,Female,21.152.234.84
64b5ad44-c9aa-4dc4-86f0-14281e8ba8fc,Hanson,Liggett,Male,202.128.77.162
9115e1dd-8741-4803-9ffb-b0bff200ab2b,Wylma,Diment,Female,184.130.92.92
478ea714-f14a-4990-9d12-88b99945f080,Roderich,Boughey,Male,116.182.137.174
a8c6e2ad-c4db-4b72-9d77-9d4cda893f62,Hildy,Ucchino,Female,5.75.116.183
679ce920-4396-4659-aa67-b11d280c819d,Nikolai,Melloi,Male,251.116.176.140
85dec17b-deed-4ff3-a52d-1277e28c522b,Russ,MacIlhargy,Male,127.48.239.91
640889da-eb2b-4b8c-824f-99a1359655bd,Arnoldo,Quiddinton,Male,201.245.254.157
8dea3a9e-f64f-4ea8-a6e1-500907800458,Garey,Ovid,Male,108.50.151.107
f62cd490-8971-48df-83a3-7c7f45df58e7,Klement,Witton,Male,208.198.4.73
9fd28706-d9e7-44ec-afd8-65b1d1d3198e,Carmella,Kubik,Female,80.11.114.88
96f490d1-83c3-4233-a97c-4e12facbb5ec,Moyra,Pinare,Bigender,8.115.53.94
e38caa0d-63ce-4bcb-9838-f9e3f877d78d,Lori,Janes,Female,188.252.239.39
ac20c9bd-5d0c-41f7-bf3b-5408a7395220,Jordon,Morhall,Male,245.239.125.128
e91767ee-918d-4e27-9040-f9ca6a03a8b1,Joshia,Roj,Male,5.89.163.166
b78fd974-e4db-49f9-b681-27d36884018c,Sawyer,Grix,Polygender,60.112.135.86
b7c222d2-b521-4899-afe7-f1b96fa8e7ca,Lowe,Beston,Male,92.183.232.194
5de06b1b-04af-48c4-8e02-e0f016dbfac6,Baudoin,Grimshaw,Male,100.15.8.118
1a0da3ec-8b09-463d-be00-296434f28f01,Ian,Rugg,Male,124.94.200.59
93c6f83f-2f5a-4e23-b87f-65e0e6b10a7e,Salvidor,Le Maitre,Male,156.182.71.214
3078b9ec-83df-4f3d-a868-4fdf25a45614,Zea,Cabbell,Female,203.163.249.142
6eebbd71-e1ae-408f-928d-09637187a37a,Jamima,Hall,Female,60.99.39.114
fd24769c-a115-4825-ad3f-7d142aac1089,Merola,Honnan,Female,75.116.70.180
6ffcd614-dc91-4a30-a038-b4220de6b4fc,Ruben,Mathe,Male,211.0.77.92
fcf442dd-1324-45ab-9479-dc2c8b6954f2,Giffard,Lonsbrough,Male,234.236.167.85
fed2ca4e-36e6-48ec-a940-e8ae0a4ab74f,Lenette,Standfield,Female,17.139.151.62
6adb248f-ef8f-4ac2-a35c-adc56d996e7f,Minerva,Dowda,Female,242.235.45.161
ed8d15c0-fc67-44b0-996e-d48242426779,Bryna,Wickliffe,Female,250.38.180.79
0a92df23-6abd-463a-8a49-0a92794474f1,Clayton,Keeling,Male,78.230.186.142
b12be184-3e12-4e41-ab81-ee373f87bfc6,Ariadne,Rossoni,Female,195.96.58.84
f3196dbd-2c5c-4a9e-a8b1-ebd48143ca45,Ellis,Diggles,Male,223.215.4.82
f807fa37-4912-4388-bd40-8617ab59aa8c,Wini,Gurden,Female,196.156.96.0
80328533-7719-4b46-b248-158e9e019b6a,Gideon,Shelvey,Male,162.42.251.57
1f6ac0cf-63de-4776-88f2-98ef7fc629de,Martainn,MacMarcuis,Male,187.215.9.102
fcfd011d-dd44-4028-9d6f-d3edf14044c1,Alano,Alderton,Bigender,86.109.130.196
cfe49ebb-c696-4bde-b7bb-41040b22055f,Wallie,Hevey,Male,94.169.128.117
90fbd59f-da5f-4419-bac5-a24adedf19f7,Gaynor,Chadbourn,Female,234.130.99.8
3ba6a1f8-c24b-49d7-9a1f-9072b7d7416e,Angie,Parnham,Male,70.175.240.0
9e9e67a0-f9ca-4275-85e3-422b8fa3c935,Arty,Stonman,Male,34.228.198.42
e5fb086f-5d8f-415e-a505-c53c0f018483,Trisha,Scane,Female,40.41.188.133
75d4f235-5c04-482e-b444-3443b7d7f7d6,Kaitlynn,Noller,Genderqueer,103.64.164.42
67167688-4dd2-4476-a632-6ab7dca78b84,Martguerita,Frears,Female,0.46.242.140
1e4d06f4-8af5-429b-9feb-bdf2ac67c41a,Falito,Diggons,Genderqueer,21.249.146.99
f7cfce13-7a9b-4ae6-bd8e-156cc308af43,Spencer,Skullet,Male,130.187.150.108
f8d97dfa-b3c2-46a0-aaa1-951553c8008b,Ray,MacMychem,Female,211.142.138.146
268c226c-dd6b-4e53-82c6-7e38c7f26a2e,Rutledge,Routham,Male,136.114.127.59
8c71d82a-e161-44da-8996-62e97a6303d6,Ruthanne,Conkey,Female,62.36.8.210
d1f4709f-879d-4e22-b879-d4535f5e5a59,Stacia,Bellard,Female,236.39.78.239
2be90c04-0b2a-4085-83e8-8a37afded393,Victoir,Adcocks,Male,179.169.129.21
aad84212-39a6-4183-994e-c214b6f9582d,Clarance,Landrick,Male,60.38.62.62
78cd6d3d-9618-4016-950a-0ec0320253f2,Pyotr,Duckerin,Male,105.30.97.7
18aae5cd-fa09-49e9-a1b1-0d83dfc4372f,Drusi,De Matteis,Female,202.65.13.161
b6045b50-0c2e-4945-86d7-6f096c89ff75,Ninnette,Lamcken,Female,16.159.220.236
13314414-3637-48e1-8fc1-be3396101a97,Norina,Cudby,Female,82.0.119.96
3fd08bf5-035e-44e8-89f0-3d990f4abd81,Melantha,Tompkin,Female,118.99.94.225
7b3030a5-5d0d-4cdd-bc28-7e22913b129a,Charita,Bellany,Female,145.16.95.92
d2b9fcc0-3465-463c-a608-ec31ab308d68,Harvey,Achrameev,Male,0.238.210.250
4d65155e-6227-493a-a190-f1503e8a7222,Roma,Tattoo,Male,59.32.201.222
c0cf57e6-4c25-4499-97dd-c2f14992bdb9,Hal,Jessup,Male,101.122.157.76
53f1abe3-be90-4ba2-96c0-0340f6033858,Abel,Rose,Male,112.102.201.211
c31a184d-225b-4869-8a17-9c1a404db8e0,Jeniffer,Goatman,Female,223.109.112.219
cefa916b-09aa-4891-85fa-35d9d9e6eb61,Gerald,Amos,Male,179.116.109.64
27b04bef-3ffd-4fe6-82e5-59ef331e72b2,Heida,Clarage,Female,81.213.63.45
67ea7b04-d33d-4099-b777-ad44a5feff70,Patience,Perassi,Female,56.107.28.206
859bfdc7-ebb1-45b1-9952-743b2c8b6de9,Daile,Narracott,Female,139.143.106.242
06726777-e9c8-4fc5-80a5-760cbeb892bc,Nicolea,Roobottom,Female,49.59.35.156
3592e830-e6d7-414c-ac8b-26a54bfe2fc5,Merilyn,Coles,Polygender,61.17.163.39
655f75cf-94d1-499d-8ad7-817e7d93da02,Rudiger,Tailby,Male,79.64.217.242
50d8083f-b362-4f74-9a3c-f46853f5121a,Joy,Yglesias,Female,28.69.6.255
118fe489-9013-4fe4-9188-1aa3a12cb5e5,Dulcy,Vedntyev,Genderfluid,158.3.92.14
1824d557-4a8a-4a26-9d87-df0fbcccf2e2,Kelsy,Blaxland,Female,17.244.33.141
86437a50-7d99-48c1-8e99-83990b230cf1,Cloe,Manuelli,Female,107.215.86.69
1f5eb84d-5616-4332-bdcf-e0f2f3c351a8,Darb,Malamore,Male,33.41.106.112
5764df55-2dd5-487f-b988-cc93e0607430,Rubin,Adami,Male,174.110.82.87
273363cf-30e9-45b1-a368-6f62a3431a4b,Nicoli,McGawn,Female,219.92.54.128
7f33a406-5295-4631-84b2-b9fb826cca78,Jerry,Dionisi,Female,121.168.3.107
6cd605ae-f55c-4003-9822-6c1891b4fcff,Sherwood,Creeber,Male,220.80.110.63
bafa4f56-f4ec-43cf-b68b-360513bbca01,Karoly,Mouton,Male,208.205.78.147
9b9b2a08-84f4-4b53-ba1e-b7bd65687520,Matelda,Gerrard,Female,69.37.154.59
ea52dae7-32e2-4451-9837-15a03309e66c,Garner,Artis,Male,54.17.42.74
ea597b7a-015b-4726-8ffb-45c99464a73b,Glenna,Annies,Female,32.254.129.17
3b1f4378-9dde-4c26-9e31-124b05d8f51a,Ezequiel,Somes,Male,27.150.30.138
47a06700-d3f5-4c74-ba45-d43fbd268ad7,Ardra,Thebeau,Female,102.125.130.5
25bce710-acca-405b-ae33-e3e38293b1de,Dorette,Pelman,Female,19.162.243.253
01303434-c6ae-4190-af78-018c6a794474,Sephira,O'Dea,Female,148.137.222.153
55cde0eb-b2d1-4192-b0dd-7daa950e20d4,Gage,Naisbitt,Male,225.205.213.10
22ec0784-8739-476d-bbef-905e6682b524,Cayla,Brammall,Female,62.163.0.127
879d184d-6943-4132-9bac-90d95b4872ab,Roland,Balser,Male,254.224.70.167
715fb8dc-495a-450d-93bc-ab2cab1d464b,Arni,Fillon,Male,247.147.38.118
ee090d11-f1b3-4b29-a596-eeb987674e49,Melony,Queyos,Female,54.213.109.10
47084a56-866b-45a5-b1cf-998a2314f98f,Tadio,Sporner,Male,20.126.81.40
705300d4-eb1f-4cc2-8dde-93a0d7087cb2,Charis,Butts,Female,172.114.156.30
1ae50013-511b-483a-931b-1233f957741c,Adriena,Link,Female,47.135.244.250
6456fcc4-d247-4f2f-ad7a-118459368a1c,Symon,Dohms,Male,249.208.150.152
bc2fad3e-ea50-40c8-92f1-ec2cccb4c8df,Lani,Goldston,Female,146.45.185.135
ebd0accb-1c3c-422c-b005-5712b4f47f3d,Janis,Trousdell,Female,63.90.165.201
341be8a1-8da2-4cdf-9477-f1dcaab5cd34,Ezequiel,Parzizek,Male,193.120.255.139
767c4876-b3a1-4f8d-a4c1-7ccc11c1677c,Brinn,Vass,Female,207.183.222.174
2b6a8caa-5467-4c7a-87ec-1f5418a16196,Rayna,Blazynski,Female,189.125.117.196
a0af90e8-b6d8-4c8e-834a-3f4d73e7fee7,Inger,Wonter,Male,172.155.254.8
cd03c0f8-a6eb-4ed9-8cec-62d58a6c5384,Fernanda,Kilvington,Female,117.140.31.3
242c99c1-20ae-4733-adf5-d9b99387da1a,Edyth,Hallbord,Female,158.19.129.215
4f478978-b4b5-44af-ac65-f913f2a47716,Mychal,Breese,Male,87.0.155.159
1dfad494-4226-471e-9996-d7e47d634389,Hallie,Macvain,Female,246.225.2.151
7477eaab-dd0c-4eec-9dc2-90752c0f39b2,Ive,Sparshatt,Male,219.119.201.84
d12501e6-87b6-43c4-9bf7-3ce14589f33d,Maisey,Chaize,Female,252.163.67.121
667399d2-4aa3-46bb-93cf-bdbfe2e635ba,Panchito,Christauffour,Male,139.232.105.199
b29cf383-4851-45cd-8b8e-9fe46b10179a,Iseabal,Janous,Female,96.33.85.43
c9c18fab-bbd1-4209-9a72-dfd433fe7c60,Billie,Benam,Male,75.210.132.176
fcc2ff00-69db-4bc3-8f79-272655369aa7,Peterus,Crummey,Male,198.127.104.220
8b2c5bb7-2761-4989-80ae-c668902449a0,Normie,Huffy,Male,38.204.215.64
4d466cdb-6cd7-4695-8ddb-5acc98de6af5,Urbanus,Zoanetti,Male,153.107.138.232
610cd99c-e4d8-4185-9ddc-4d2b3f5cff92,Lilyan,Cowthart,Female,26.132.0.173
2f8d8aba-0a04-488d-a604-3df3d0aba0b3,Humfrid,Lefridge,Male,3.6.84.113
64158d1d-92ca-424c-a85c-436fcfc8285d,Far,Mordey,Male,179.105.225.197
ef43dc0a-e44f-49de-abf3-64c70a642f28,Jolynn,Dies,Female,89.28.20.82
222654cc-a46b-4967-b40f-1a1b79728590,Teresina,Peascod,Female,70.248.127.205
d4163435-c64c-4b7c-bc01-4846d4701db8,Carla,Buscher,Female,64.155.174.48
5b2ea156-13c8-41ee-910b-b34f006aa41c,Vitia,Heis,Female,82.236.140.49
a2ad29c1-f203-4b89-9bfc-cafedf52931e,Olag,Edworthie,Male,17.169.124.15
0ea9d84b-2f5a-40a8-9195-0197eec74df4,Bree,Mehmet,Female,59.45.254.107
d88fd29a-2511-4794-95a1-b587644fa21e,Pietrek,Randell,Male,87.109.124.186
950495d0-1b38-4ece-a2fa-8fec90bebfca,Drucill,Smitherman,Female,253.155.129.45
10d84878-20e3-4126-8e6e-da4f4515b19a,Lotty,Bendixen,Female,217.58.214.166
12ef6597-181f-4723-955d-9b123a4c821e,Burty,Exroll,Male,124.129.213.157
2aec1ab5-679b-4afb-8235-d98439a75de6,Vivianna,Fishley,Female,44.225.241.128
aabe7f90-4523-4dfe-8310-f589c8076eeb,Storm,Howton,Female,44.160.62.180
b2b3050f-490f-4a80-8240-20d599d4d1c7,Blisse,Digan,Female,192.144.83.195
51021c91-fe5e-490c-8c9b-ad62066a1fa3,Tamqrah,Double,Polygender,150.228.56.196
3098da20-2d2c-4f92-8b88-f1cb5d80f9ff,Chariot,Elbourn,Male,0.212.226.74
fe19d1b5-bf76-4095-925f-045bc6303dfc,Meggy,Persich,Female,49.189.122.75
ab6a2ba9-a591-4f74-914d-8d45361ba8ec,Blanch,Boshier,Female,224.64.192.235
8755ded8-34fd-44b0-b9b2-30a3a158cd56,Mair,Ashford,Female,123.65.149.54
aaf7fe48-7d72-407c-97b7-29d5e0aca8d6,Edward,Ilieve,Male,63.40.80.29
f48ea543-8090-496e-8139-52bf5bda23b0,Abrahan,Bellow,Male,112.0.197.167
c7140e13-c212-49d4-9771-d6b783d1a8f3,Rozina,Sowthcote,Female,173.120.133.112
62630874-f0dd-40ec-bf58-dd46f6017ac4,Marsiella,Lomb,Female,4.143.162.243
d07de74d-3acd-4920-b03f-1ce9effe5362,Sharity,McIlmorie,Female,47.13.146.177
01829431-b88a-43d5-8748-42e582546622,Anne-corinne,Trattles,Female,202.120.24.130
566c8094-26b6-470b-bd68-141da90fe8b8,Pen,Powles,Female,93.69.43.98
dab7f2ce-f2d1-468b-8d5b-ba90676a8203,Doll,Shawdforth,Female,64.6.53.90
0f5afe90-89ef-4440-83a2-f0e2ced7de01,Washington,McCluney,Male,35.209.14.254
940cd641-d13d-46d8-9bd9-90a7b268e8c4,Prentiss,Strete,Male,168.9.46.105
81a0a68f-216e-411b-919f-1525f51afcef,Isadore,Sterre,Male,74.112.48.209
c8dfa4bc-1782-458e-9753-b8b5ab3a2a8f,Euell,Joscelyne,Male,156.153.90.236
ee4fa816-f30b-4965-8757-e61e376d8657,Trumann,Grunnill,Male,7.181.228.138
a42da9d3-1e68-48ab-812f-8505fd26a614,Linet,Bradshaw,Female,230.6.233.238
21d01729-0f87-49b4-af53-0d0ff8f86151,Susy,Norster,Female,192.233.205.173
481ca54c-9ab3-4292-9657-25396221fad3,Silvio,Cussins,Male,255.82.16.2
c4e0d883-dced-4c72-ae69-65b4eabc8ff2,Rodger,Durante,Male,150.50.242.151
36dcacad-5e7f-4438-be6d-792c281a5d8d,Rafaelita,Nutbrown,Female,230.181.165.219
ea14abe1-8a4d-442c-8784-8a2e10715044,Tasha,Pavel,Female,13.162.39.101
403886f2-eda5-4d6b-8887-023aaabf249d,Son,Ridolfo,Male,38.160.73.147
8cd39b1e-4052-4e13-b82b-c0d724824f59,Freemon,Covolini,Genderqueer,46.138.72.186
c53e7887-bae5-4420-9f42-7923058ed0c9,Dyanna,Delagnes,Female,195.95.228.42
483f0f74-3796-4a34-b623-2f6f86ed5ddd,Dulciana,Jentle,Female,57.121.68.156
8621a6ad-67b3-4e5f-8fdf-e9581c48389c,Chelsea,Dome,Female,96.16.74.164
41a7ce53-cae0-454a-b442-9344c64cbaf6,Myrle,Brasseur,Female,99.185.54.103
a5b06d0b-7275-43d2-9c9d-2e1aeebad0b8,Arri,Eddisford,Male,146.45.42.65
4fb57ba9-67de-4913-bc82-33f49004de9e,Michelle,Grealy,Genderfluid,119.85.59.209
886bd21d-fab7-4cb1-8697-cdec2f67f3b6,Ashton,Dowgill,Male,0.70.2.164
324382f0-3886-4166-b704-a70252602056,Powell,Caselli,Male,143.207.178.8
1ed47c82-f582-4956-8ba0-330374c8baa2,Danielle,Marre,Female,41.125.79.85
21b8762f-6a0f-49e0-8c8a-5b11871a7868,Kitty,McLelland,Female,64.158.93.72
f9b605ef-5f1a-4336-9e45-4edd1ff15cab,Ferrell,Kemp,Male,8.11.66.170
95a9eafb-4c3f-42c2-a2e1-9ddccc3945bf,Dana,Dorward,Male,21.109.33.156
88fc9a17-9c0d-4b53-89bb-28e9b0c288f3,Kassia,MacCaughey,Female,71.146.70.27
4ed3c285-7cd9-48f1-84cf-e5c2b78c4a2c,Courtney,Scotchmore,Female,234.14.21.0
a79cf210-2239-49e5-9b83-b3f122c6ef6f,Chickie,McElvogue,Male,144.91.64.249
26a6c8f9-c321-4232-9cca-634cd0ad303e,Way,Briztman,Male,243.33.131.18
b630b67d-df0c-4dd7-9c8b-6bf81e0a7d76,Thadeus,Stopher,Male,120.21.194.36
24edab68-301a-484d-947c-2cd200943fdc,Dinnie,Perot,Female,73.238.159.169
8777cc54-69f8-476d-9698-91002e01643b,Bryant,Moyers,Male,237.116.88.53
3b4f3479-c001-4387-abca-8d73951f71b1,Toinette,Dundridge,Female,132.146.5.154
565d4db9-fa21-4d1c-b69c-2743801bd6fd,Jerri,Karpushkin,Male,52.245.228.175
c5e6c0b5-481d-41ee-a99c-9db5055bbff3,Ivory,Darthe,Female,24.77.159.225
42918609-0dda-4b11-ab1f-e2dec9aff415,Tiffy,Stannion,Agender,218.230.72.14
dbbfe02b-044d-4bd8-84d4-d7196a8378f3,Chaddy,Lorent,Male,107.111.137.250
0e1e4d1c-67a3-41e1-8b7d-dc93e01ba88d,Addy,Alyokhin,Female,204.91.158.66
6d717efd-08a8-4f52-8aa5-a03c30eddac2,Merissa,O'Cahill,Female,107.205.62.136
579504dc-61ed-4b45-b0c3-8df72727dda1,Ted,Hynam,Female,230.40.246.21
d0bc74d5-360c-4bb1-ac8d-f56094573b81,Timothy,Torrie,Male,241.88.146.223
c82a0b5e-4b6b-4bd0-95d3-f90abbf448de,Gilligan,Roskelley,Female,204.76.210.253
75b94315-50d6-4114-904c-1996c0fc2486,Saudra,Dugget,Female,0.199.66.104
b563cc3c-bc78-420a-80d7-2c989b4cb006,Stephen,Shakesby,Male,125.117.188.105
6085351e-bdf2-4222-843d-bd5e3f3afc30,Shane,Van der Velden,Male,167.95.114.97
f3627a06-4527-4a45-9a0a-38f0acac6ac5,Sammy,Sharple,Male,7.66.109.95
0412aca3-00c3-403b-a793-937fc22791e1,Lissie,Meconi,Female,69.200.156.182
e39e97e8-ea1a-4da2-b93f-906893de7008,Cornell,Fearney,Male,168.27.63.24
2cb851f0-eaac-421a-beb3-58734fd33013,Faye,Corteis,Female,6.12.152.21
77d66d50-0987-468c-97e7-31031602fc40,Artie,Peyton,Male,202.180.121.158
3c38d31c-264e-485d-acd7-e2c28aa79b13,Aloysia,Guterson,Bigender,63.106.216.108
91120482-3c8a-4d7b-acbc-91d638b45595,Emelita,Windrass,Female,154.28.157.201
d43b01e2-9a0c-4654-9927-7c1ace70954d,Natasha,Maitland,Female,239.65.234.77
70ea3ce4-5230-4d5d-b6c0-e059c6d212a7,Norris,Joysey,Male,24.173.251.180
c39d2e63-99a8-41b4-9154-c899c0f0e484,Erhard,Harwin,Male,184.190.159.74
daf6189e-bd9e-4988-baa2-e856669116f8,Trevar,Bodicum,Male,242.232.132.212
97ab67bf-4112-4713-9ffa-f916bac19e61,Michail,Sowrah,Agender,155.130.233.206
5ce816dd-8748-4ab5-b23b-b3be6046e32e,Gerianne,Turone,Female,121.124.165.201
f536fa42-c946-4d5a-8e94-2d6a0bfb0b9a,Buckie,de Quesne,Male,17.212.110.199
fdd7581a-18b3-4190-8644-b2f31dda4efd,Catlaina,Goutcher,Female,83.196.230.254
35abb7b8-0cb3-455e-ad9c-432ddd452616,Greer,MacKnockiter,Female,100.196.226.181
b95c4819-89ac-45d7-a773-86c41352efd8,Natalina,Bernhardsson,Female,98.168.232.9
2b41d4d5-201d-4153-ab63-e664e19a26ae,Gabriel,Casaro,Female,115.138.1.47
73be4e9c-339c-45ee-b95f-96779c244fa1,Juliann,O' Quirk,Female,30.228.45.187
85249b7a-e542-4071-9d00-664f968b81f8,Angil,Ratcliff,Female,67.63.34.64
4d0184d0-5e30-492f-ab54-31b2f78a95c9,Che,Nealand,Male,202.167.214.164
53a17060-18bb-4257-a1a1-7f0b3eddb9f7,Chev,Leare,Male,70.8.228.51
ba9f195e-a2d5-4307-b387-c24a05bb081d,Ottilie,Cattell,Bigender,131.25.67.32
cd5f6911-cd30-4ea3-90c3-9b74e4be6d5e,Rea,Neeve,Female,193.207.70.156
9892469b-3bc3-4266-bce6-33812cd905e8,Hogan,Norcliff,Male,166.187.90.116
95ef7c66-1558-49db-992b-547ba33fa5c3,Cherise,Adney,Female,235.16.204.105
f0098b1b-4aa3-4fdd-8f2d-0ff4f9f71c90,Gwenni,Gethings,Female,67.219.196.105
fe6077d9-ea97-4178-a119-50e336a9c3b0,Vivian,Salzberger,Female,230.74.250.137
c930a531-a56e-4c4f-9cca-a5c87835306a,Kaitlyn,Rickman,Agender,228.170.125.236
2ef796b6-845c-4c1d-933f-1b6218785ac7,Auguste,O'Lahy,Female,52.125.91.171
04fc8cb2-73ab-45a8-8af8-fb1c8146572f,Ewen,Yalden,Male,228.54.210.143
935a965f-366f-4662-bbce-0c49491029a0,Velma,Bunson,Female,200.227.24.166
2716a999-d7b4-4658-9bec-2ac2da40ac32,Helen,Spirit,Female,70.8.33.137
a8985711-26f0-4e78-acbe-73e9289e0ffe,Silvanus,Screase,Polygender,108.204.89.233
98d5802a-c8cb-413e-a1cf-43e789e622b8,Kasper,Morch,Male,197.199.11.29
89cfd4d0-6fe2-43ab-b663-8e393a414105,Karina,Swatridge,Female,86.119.162.112
cdeb5393-0ca4-443e-8bb3-03a6f5e970da,Debee,Folomkin,Agender,19.123.22.39
b82140e4-aa6d-4c03-8c6c-e5922f7ee8ca,Elsey,Britzius,Female,149.109.8.19
725a5ef4-d366-4f74-9431-8d7d711e9bba,Mirabel,Fownes,Female,169.193.192.19
3aec0fc8-6e24-4198-826b-5c05328af624,Petey,Faucett,Male,33.68.26.194
45d5c7da-dda6-40c8-8f34-965e2e354aea,Augustine,Manlow,Male,158.143.72.97
cff32c82-71d3-4486-8032-dc6aaea9648f,Carmon,Batterbee,Female,132.246.67.126
b8d1777d-8029-417f-9774-be4bae3d0c4f,Willis,Boyson,Male,123.37.117.58
4fe96225-4703-4140-9e78-5493a77c40fd,Isabeau,Lampen,Female,116.218.235.170
aa87551a-579c-46b5-829b-178672fad524,Estell,Punter,Female,96.116.76.104
724647ad-9671-4dbf-8135-4322f5d59706,Cary,Oxbe,Female,88.157.83.135
1e9fca32-23d7-4cd3-9393-1e2449ce239c,Emmanuel,Aistrop,Male,18.40.186.253
4fa6bd2e-69f0-4244-8f7d-4dddd989aaf5,Doralin,Pollie,Female,20.73.241.84
7b0f9a38-9b4e-471d-9a8c-fb8885566ac4,Christiana,Coughlin,Female,65.43.209.169
f0fe636c-f2a4-4a65-876b-5a1146814a4f,Xenos,Ciotto,Male,123.63.158.51
3381d77d-15db-4563-a4f8-4bbbb601cd98,Avivah,Nani,Female,199.186.85.191
ddae134f-bf71-49c6-96b5-edf00f49adff,Celesta,Dagnall,Female,94.213.190.63
983ded33-b5d2-428f-9b3b-b8d8f14d4942,Ellery,Clemits,Male,236.5.129.61
baffa300-0d39-46f6-8cc4-8de0b0605e06,Jerry,Tidy,Female,135.120.116.43
9312a00d-36b0-47b5-94cf-a52d217ab38b,Cherrita,Howlin,Bigender,113.9.146.180
f1898dcb-8d1a-414a-9d56-c87f8803656b,Boyd,Tubbles,Male,137.115.228.95
c84e370b-34a1-483e-b729-3463b764cd8a,Othelia,Gentiry,Female,199.199.205.104
c5b1fc9f-431f-49ae-baed-bc697c9a676e,Aubrey,Findlater,Female,56.156.236.35
000b5ecf-1dd3-487e-a52a-f93e465a9de3,Cassius,Davidzon,Male,223.45.24.115
25439582-6a02-4431-8b0f-856cae43c987,Camille,Basham,Female,111.226.127.100
95d46286-8902-4d9d-9945-d865872319f7,Tamiko,Boadby,Female,34.154.155.11
057ce52e-e3dd-40ab-bbf8-b91fddb56c7e,Staffard,McKennan,Male,219.80.251.205
7c75b269-9fdc-4829-afd1-09f2b029fbef,Jaimie,Quixley,Female,206.32.203.28
081bd94e-5ea7-4111-b7df-3af7cae9f023,Kerri,Shuter,Female,80.172.34.71
8ba42154-c198-4ee1-a2c1-bf137e3a312a,Tudor,Oldham,Male,91.131.254.180
c7d5ba91-bff1-4df8-adb6-6cddb740c7d6,Billi,Plumridege,Female,220.11.31.88
3e357195-219c-488e-9d7a-b551eacd77c8,Algernon,Entwistle,Male,224.169.214.185
d4c36241-b26a-4752-bed8-165788c2e29e,Payton,Woller,Male,26.11.236.39
55c4c4a4-c311-41cd-8019-6e8053ee1d93,Gery,Gatheral,Male,147.147.180.5
3dd55e7e-f86c-4d5e-9f5f-f3db12d881a7,Slade,Pargetter,Male,196.49.40.247
13e1e8a9-ddb9-4d68-ae11-f8368a3edcf0,Kele,Marchello,Male,158.1.170.215
aa7def4e-16bf-404c-994a-5191b39b4aeb,Frasco,Jemmett,Non-binary,91.6.138.43
9aabbe8e-f09d-4fb0-a916-7f1b1b08fbef,Millard,Colleymore,Male,250.235.253.130
8bcd1243-adb1-4755-98b2-47fd7cb99592,Heather,Cunliffe,Female,24.227.236.85
fa1e3a58-1d06-43f2-a6c5-d969e0393cc4,Justino,Dubbin,Male,41.199.246.63
6b67a11e-6ad1-40ba-835e-d2691e351e4f,Talya,Legerton,Female,3.27.62.231
32324ad4-6808-4cef-8947-8255d4db9d59,Towny,Sollon,Male,62.161.11.208
3b31c5fc-1a3d-4ef6-b9b5-741f72c85196,Rodina,Goshawk,Female,221.93.85.228
c34d1098-b184-4d5b-9e3e-694f666ca149,Codie,Gadsden,Male,150.70.19.102
05e18ecc-1abf-4906-9fe3-5807971a0bda,Lory,Smewin,Female,221.242.145.164
8bb22dfc-4623-42b4-b9ea-0b7083138406,Milo,Tysack,Male,155.206.11.148
719f4570-6904-440a-b153-2c3584aa572b,Helyn,Murkus,Female,187.68.44.206
cea10836-3bca-470b-8779-8e43347c158b,Barnabe,Hinge,Male,5.245.26.175
c24bba65-6b0f-466d-8e7b-24dc2b7b4468,Itch,Overbury,Male,221.150.109.120
94a07bf1-6738-4830-bbdc-35a90e96f40c,Chandler,Feldbau,Bigender,58.170.226.87
0a2e6779-1ad3-475e-8723-894b95bd042d,Dario,Gumbley,Male,150.175.209.26
a278e187-db87-4891-9622-f20ccc8369a7,Mendie,Creser,Male,245.169.123.11
9b385108-7cb2-4b27-84a8-0c386078398c,Dallas,Whieldon,Female,80.186.9.32
bc259fbc-1cec-4d01-b4df-10d9ac40c9d8,Katrinka,Retallack,Female,13.45.149.150
2298bb70-09d8-4e2c-93eb-990ef49daba9,Aurelie,Cagan,Female,41.230.128.200
320d8d36-a4c9-4973-9f94-9dbce999edbf,Pinchas,Filyushkin,Male,229.88.14.214
b14a474d-8efe-4c9f-b0cd-8ffdf21a5ddb,Anthony,Slowan,Male,217.159.178.83
65e3da1d-d93d-4e4a-9f8c-d5815af8cc0d,Sammy,Probat,Male,121.130.169.99
802f31a0-bd27-454d-9f56-478683ac9e40,Forrest,Likely,Male,194.175.64.84
876bfe18-f8b4-45de-b6a9-ad1aee0a273d,Corinne,Grimwade,Female,44.103.228.242
d992ad63-e0f3-4ee3-a20e-b8084ac1b22c,Carlee,Curnucke,Female,248.120.235.106
28b55a41-82c0-45aa-adb2-739de99316be,Margie,Mc Corley,Female,173.81.145.53
74da6dd1-24d0-486e-9f6a-fcac83ed3a17,Horten,Vollam,Male,28.51.119.203
3ef8e4c5-c87a-4aa9-8eed-bf7a98d5c2ca,Jewel,Noto,Female,139.60.26.65
292b7dd3-6b78-4442-98a3-4bd4319d6c01,Kimberley,Halward,Female,217.127.197.151
190b2f87-2336-43d9-8684-941cb2e1e977,Danica,Sendall,Female,49.173.30.194
c4a7089c-9d10-4ec8-9512-92c5f84705ac,Frazer,Lowthorpe,Male,196.21.50.72
e9d41d38-b068-4327-9e4b-3145a2d44fe0,Marcel,Splevings,Male,40.17.162.85
4a0d6468-8d43-4714-8c84-26dc5dc4b33a,Kasper,McWilliam,Male,100.246.15.200
18bddd20-e5a6-4e8f-be2d-0d2f61c4c9c0,Barny,Course,Male,52.100.55.186
6ea483e7-f874-4f2a-bbd5-911449547665,Gabbie,Newburn,Male,175.154.189.33
b58e0e66-f964-4ef9-a824-d8c887c92aee,Tierney,Polleye,Female,15.8.210.89
95f13fe9-da63-4435-b82c-1b99502303b2,Huntington,Simonnot,Bigender,32.26.122.123
55e401ac-455b-49e3-99db-f06b8a4cd604,Crystal,Larroway,Female,3.216.164.80
e3ec46e6-a812-4b4d-8ecf-de06b86595ec,Bron,Northey,Male,251.235.119.201
4f9fe125-9b2d-4a63-b1b6-81792abdaa14,Eveleen,Stanett,Female,183.251.60.136
dbae2882-9f68-4487-933a-662b05c78be4,Sheppard,Ungaretti,Male,182.19.81.158
669e3196-a738-41b3-8ab6-12ec2fb6726d,Eugenie,Bench,Female,69.187.215.70
96f9d252-3a68-4578-82fd-d8c4373c31f1,Cloe,Fieldhouse,Female,245.45.200.114
43667bb8-a76a-478f-b688-67e816e5f52a,Chelsy,Lidgard,Genderfluid,201.130.137.4
2e0412e1-e6df-4025-a21a-e5d41b9004f7,Barnaby,Danson,Male,134.21.115.221
dec6155d-27f5-40c5-89d4-669d73443e2c,Aurea,Allgood,Female,70.69.98.127
1f724d23-d591-4624-9312-1f3a891f482c,Alex,Cinnamond,Male,247.122.63.87
1fecf8ca-ccea-4b6b-a6a4-e47ccaa4427b,Johan,Pepperell,Male,110.21.3.177
05d7926c-59fd-47c3-8bb0-61c1a6987b4b,Gill,Shearstone,Female,85.178.137.3
e4b8bf3c-171c-461c-9134-4849a0fd8d70,Elaina,Hughson,Polygender,241.19.57.58
a9d673c4-8c84-4ca4-8ec7-ca6946215064,Gail,Andriss,Female,48.146.163.86
d6b17a87-9b10-41ae-810e-3a3533dd4c8b,Francesco,Joskowitz,Genderfluid,47.253.192.245
7aa59a0b-8f35-4fdb-bed3-225b7e05864f,Verne,Gooderick,Male,140.152.225.219
d8b94cf6-4899-4de7-aa51-4cca26b32bea,Maddie,Scatchard,Agender,249.70.240.121
ac1b4d6a-be00-4665-9517-9ce6c148f300,Shelly,Tysack,Female,126.10.199.186
a2329767-37e1-4870-8fd9-26d7106b7fba,Giselle,Warters,Female,237.170.248.116
0707b568-4690-43fa-b0a5-6be43e43939e,Farica,Edmundson,Female,84.199.98.146
852f03d7-9690-4837-a127-cde08832151c,Johan,Krug,Agender,203.56.186.63
0f4dbc28-7462-4ff7-b09e-c99a24b72cac,Carrie,Havenhand,Female,47.107.171.70
43a02ec0-57c3-40bb-b068-a5cdd42a3154,Yuma,Knipe,Male,113.213.149.64
11572a3f-7eab-45d7-95c6-3ff64c6ed2ea,Catlaina,Morch,Female,123.186.252.222
ca3bac25-0b26-4e65-bb3b-9dc7ae5c800d,Chip,Sandwick,Male,108.77.81.232
eff257c9-7e0a-4f3b-828a-70e8267b6bf3,Caralie,Duggon,Female,145.230.41.191
e1ead616-ce9b-4530-9a8a-85d0f603676d,Gavan,Aynscombe,Male,42.111.50.111
aad7f146-f37c-4175-beb7-b76e1a460aaf,Leonerd,Bernardet,Male,188.20.239.254
8f2ce474-cebc-4a26-99ba-71201a0de2d2,Langsdon,Barrasse,Male,244.29.137.98
81c49cbe-eafb-4a37-a3b7-a2cbcc6949a9,Marlane,Todarello,Female,176.123.162.234
be74597d-5ed5-43fb-a25e-b5bc73cd13f4,Isador,Bollon,Male,115.143.61.55
a8431f33-7d1c-440c-b98f-1ae51663046b,Dannie,Dyche,Male,19.225.221.34
ed89e9eb-5e10-49ec-9009-784f1933eb8e,Mimi,Petruk,Female,30.23.141.94
20926f7b-5958-4d5c-892f-2af6332aa405,Twila,Czajka,Female,0.116.162.66
4a2b3037-d8e2-4a01-b58f-70e114764576,Amory,Corryer,Male,206.105.170.48
a561d640-0abc-46ef-a571-d6265a14f0ac,Cherie,Blinco,Female,209.32.158.238
ac902da0-adc3-4770-9481-e9ec7214b544,Allina,Leaming,Agender,222.234.39.21
138dc137-620e-4423-bef8-34fb402002ac,Rayner,Bernadon,Polygender,189.47.128.114
3145e0d0-8e33-4ab6-8a9b-a99126a96ae8,Skip,Balser,Male,229.155.231.186
b01cb97e-ce74-4b40-a091-a1f6fc51a19c,Josephina,Alliston,Female,150.137.25.100
7b0bb5cb-362e-4d40-8d00-15acde39b6e2,Pincas,Creech,Male,159.221.209.241
89da0039-adc4-4f4e-89f9-7879d58fdfb5,Leeann,Zimmermeister,Female,35.93.249.47
7293a525-a7d0-4d7b-ac19-5ab35051b024,Conrad,Shimmans,Male,212.193.31.201
912e42c6-74e1-49ac-bc51-ab6cba3e9e07,Rahel,Still,Female,34.16.226.10
4e355797-63e2-451b-bde3-d79c2f47eb64,Broderic,Perel,Male,86.185.44.118
a72506a2-1516-41b8-ac2b-945c14f65fc5,Dasya,McGarrity,Female,135.237.247.195
f3d47e8f-0cdf-457b-8aa2-49c5a2f63c2a,Ruthie,Woodeson,Female,129.191.210.210
b246e3e5-3381-43c5-a75a-94bfc3af321b,Wallie,Scriviner,Female,81.238.232.102
87ab12ff-bdba-4fa6-a239-f5c588801170,Verne,Trosdall,Male,155.56.44.181
9b173f31-5bdb-48d7-a221-57962270353d,Issiah,Storer,Male,148.248.238.186
72d24199-9c4f-44f7-8e24-21dd8845fec7,Wallace,Dady,Male,224.188.40.30
0c79174c-161b-412c-8db9-0847ea303bd2,Sherye,McColgan,Female,242.29.85.143
7c37d5c3-67b8-4684-aef5-b1646e4b31bc,Herc,Beausang,Male,215.89.148.230
fe252534-60e0-4727-b3ba-ca63f42e73f6,Imojean,MacKissack,Female,120.178.174.124
36069bac-03f2-4163-a218-9737c51ff96a,Christa,Torvey,Female,65.139.23.56
5fd1e0b6-7e01-4809-a1e2-ce37a343fae8,Gerek,Bruhnke,Male,5.135.160.39
8acc631f-6faa-45fa-986d-6e6b967bf4d7,Tilda,Kitney,Female,7.75.79.190
21cc0bc9-4231-4315-abbf-7b6179ccd3fe,Gabriella,Lomax,Non-binary,155.103.135.194
0761310d-dd37-4e1d-b276-b93edccad6a4,Waiter,Zavittieri,Male,227.148.237.183
f39c793c-05c7-4321-985a-b601056e3f1e,Saba,Ellington,Female,81.80.170.212
075aa7c8-0e0f-4cff-9e40-bd43e830b553,Stella,Straun,Female,233.38.191.122
683df6a1-90a4-4a21-b0f1-be20784dcbba,Gus,Waggatt,Female,114.72.59.207
496213ac-ecea-4fb2-91f3-0bcde6e57b74,Elissa,Thomen,Female,126.175.41.122
d5a57bb8-51de-4523-95ff-dbc1cf2898f3,Danyette,Nozzolii,Female,188.159.1.95
4bc7e962-0486-418e-9df9-2041d1b38534,Taddeusz,Bockings,Male,169.84.26.39
636c047d-5334-46d9-b989-d86e0d998170,Marlane,Cartmail,Female,46.78.193.71
e3b8a623-088e-4d7f-9942-88c2b88c34aa,Adriano,Spellissy,Male,38.20.50.151
e2bbcf39-863a-414a-b59d-8b820ac45e5c,Eleanora,Gosswell,Bigender,10.90.194.223
665b93c9-dd1f-42ba-a4ad-4cf809b2a2cb,Faustine,Pohlke,Female,130.61.114.33
2df436e1-0675-4f81-9c89-90015f1732f1,Dougy,De Lacey,Agender,72.33.32.156
8c94a138-a616-49df-98c6-ac5f2b369a75,Chalmers,Piola,Male,128.179.161.38
03d18c89-9a16-4fb6-b0ad-c1675f58caf8,Elinore,Macia,Female,109.119.10.228
0721e0f0-98bc-4d7d-9d8e-dc44b8c67eca,Cathryn,Birch,Genderfluid,6.89.73.217
e1744fed-6072-4f8e-9200-c654d0219d7e,Darby,Brittan,Female,51.140.11.136
293d04fe-e11d-4fec-87ed-3033c928b00c,Blithe,Raylton,Female,143.25.123.193
9e3d512d-9f13-44a6-b0f3-8c6e03c4f1cf,Ambrose,Slyford,Male,47.13.79.37
b8e44f2c-c740-463a-b9b9-3568454d8e60,Vanessa,Nerval,Female,28.100.164.102
ebb370b5-26eb-4c8f-acbf-3bf56fa4b4d8,Dreddy,Sweetenham,Female,93.42.190.188
576dffac-bfa7-44f2-b610-b57caba4fb8d,Georgeanna,Kirkby,Female,9.80.123.4
9425330c-2805-46ae-b5c1-5353addd6279,Daisi,Legon,Female,167.95.74.241
62935f76-e261-4b35-ac56-f309e63290f0,Kary,Fynes,Female,177.27.151.171
fea690f1-4b4f-4f36-86ee-74632bc03cba,Matteo,Beatens,Male,252.221.208.9
d5a6f119-d47a-4e3e-9832-0c6c0b695048,Jerrilyn,Oldacre,Female,93.67.87.151
e9d7de88-1d44-458d-94e8-c68014fc01f0,Maurie,Di Antonio,Male,15.110.172.194
5f70a834-63a7-4b96-8464-d4c59e342b81,Clerc,MacAlister,Male,25.82.185.20
8944f6ca-0044-4bd6-93ca-4d52669ab59c,Pasquale,McNirlan,Male,124.99.180.103
f267be95-4725-4254-886f-d3f3c235176c,Carling,Patrono,Male,174.124.216.26
e0ca1624-f63b-4f9e-a747-3ae56c366aa8,Kerwinn,Inglis,Male,169.149.255.51
ea89fae1-266b-4ba9-bb5f-e4b6da33507c,Petra,Duffit,Female,195.8.27.0
c81d1e79-e938-4580-97a3-846b59e7d4bb,Brantley,Blaker,Agender,226.63.92.161
b90ed92c-1796-4448-9f45-3aa7f8ec8d0e,Conn,Pickersgill,Male,22.24.128.52
84b8981d-d0a6-4dda-87c8-773213af2af4,Kerby,Lambertazzi,Male,23.221.26.203
b5a60ccf-2353-4371-8cec-d28d2fdd9706,Vivianne,Lammiman,Female,83.220.229.77
9bd758e4-1081-4a58-972c-bffb7ea0d6b6,Joey,Thornbarrow,Male,107.243.163.59
a0c2848b-f6de-41c7-9dfc-c6e616f717a3,Courtney,Camplejohn,Female,225.158.255.54
adbe07f5-2c65-4ada-acfb-ac9dd3278542,Joby,Schinetti,Female,144.75.130.61
fd80f1b4-a0e6-430e-bd9d-f6a9e6d4340b,Mendel,Martine,Male,105.100.107.158
83f32386-50aa-42b4-b67f-2d4102440b57,Blaire,Stutt,Female,39.67.15.133
50ac2e84-3578-4a75-b707-5ffca1e819af,Reece,Rowantree,Male,149.242.126.57
11dfa3c6-cd3e-43e8-93d1-e8df512d2bcf,Etheline,Ibbitson,Female,53.8.8.54
7a904f0e-6688-47e5-9a17-309ecdcd69f3,Brockie,Beaze,Male,150.169.30.34
1d9236cc-bebc-4706-88cb-8debdbf4442b,Norton,Jakubowski,Male,49.62.225.81
65e2ed6e-f408-4a25-b3a6-7e069d26e22a,Bogey,Coppin,Male,254.193.146.109
f75dbac4-4363-441e-bec9-9e5ffb3b5cc0,Rog,Cokayne,Male,174.183.118.238
f3feeb41-5732-48f1-8a87-fd8c3f1ad6d8,Idalia,Maruszewski,Female,34.94.13.250
4aa2fd88-6ca5-44d7-97cb-f3aa30e67cf9,Ario,MacIllrick,Male,183.198.137.143
6be93b42-2a36-4c7a-a22a-91c6859a387d,Zorina,Godilington,Female,158.156.97.3
ad226c41-e8ca-4272-94d4-908662e00de1,Bald,Clemmen,Male,252.18.186.92
f8dd3aaf-b54f-4d8a-9dd6-dbebfee22554,Kimmi,Brimacombe,Female,163.178.132.205
21c88e41-87d5-4483-9166-ee2efba013a4,Felipe,Heigl,Male,101.35.247.112
c76f7561-8aac-465a-b24a-9673c13ec62c,Joana,Lelliott,Polygender,61.136.140.141
b5ee003d-23d4-4723-8b29-eeecf05de8dd,Chet,Coombs,Male,207.46.215.11
7f33b73b-3cd6-46bd-a8e1-0cd061edf388,Vick,Snow,Male,183.52.194.196
03baf77a-ca37-412c-b991-c104f34afd24,Demetria,Screase,Female,200.145.227.139
d40d8e2f-ea8d-43d4-9551-a0e1128838f3,Harrie,Laroux,Female,205.46.7.192
f04c784c-74e5-47f2-9fa2-69bd1cf6309d,Sebastian,Wallis,Male,71.0.46.149
658ec24f-65bf-4ea4-995d-c70523a8f92e,Saba,Soltan,Female,40.141.149.227
82a2044b-0afb-4c4b-a02b-7ce716f34980,Danita,Krelle,Female,87.161.26.159
e7c70444-8641-44ac-93dd-efc53e10ad2c,Giff,Ochterlony,Male,79.211.216.138
2b0fccde-f5be-4f92-aea9-07a7e6daa795,Norry,Darter,Male,208.254.99.143
455a7c81-0c05-4673-a5ad-d7140cce4cd8,Carin,Flatt,Female,224.82.128.34
3bf6ced4-274f-43fb-ae96-7c12ca89fa6d,Tabby,Sebley,Female,211.192.209.202
c8cfbcf2-ed8e-46db-9fc4-d7db6551c42e,Briant,Trays,Male,133.231.71.219
7f958815-509b-4b96-b42f-974fb28ff4cb,Noam,Cassedy,Male,243.34.177.91
c5ece686-bd5b-4cfb-8778-378ac324b303,Rhiamon,Barkworth,Female,58.209.13.216
00c42626-37d5-48c8-a95f-7687bc486668,Malvin,Tomalin,Male,133.129.242.53
94bbbdb7-7720-46a6-a93f-d6cc728b1ac6,Camille,Thunders,Female,211.246.153.236
75879e7d-cfe9-45f8-89bc-34d8b1c0fb5c,Genna,Bukowski,Female,114.160.49.240
09317b05-b26c-428c-99b3-a5e51641c69c,Bonita,Baford,Female,36.80.224.215
292d3029-93bf-49a1-9a39-28584250fb37,Gonzalo,Martinyuk,Male,110.210.34.211
fc94b396-ff16-493b-9c2d-45f1630cd0f9,Salvidor,Kalf,Male,38.242.74.100
93e62f73-fb31-4aef-91ec-f9092c6a3b94,Veda,Barnwall,Female,0.115.122.167
9a54977b-52ed-4bab-9af8-0f8843f10698,Libbey,Paschke,Female,122.244.219.154
b1836e1b-7c17-4685-8d24-dab1e9e40fad,Diahann,Test,Female,138.201.248.185
c788c6cd-f5c2-463f-adbc-1fe846782ab8,Akim,Cremer,Male,64.39.190.104
6886b4c8-bf21-4447-a4c0-6145c9cf2482,Vasily,Kynge,Male,149.203.39.100
ffabd752-f3c1-401d-8dd6-c956f0a84599,Janos,Doxey,Male,227.136.184.182
94056894-c64d-4dde-b7b4-34ddb7f9c7df,Rubie,Timmis,Female,138.18.234.249
8f196782-270e-4887-a89a-34f9635b58f3,Camel,Wise,Female,214.79.25.51
ae736633-e255-416f-bbb8-235c4a970047,Elnar,Girdler,Male,10.250.135.108
0ef095e5-fba1-4035-beb1-e1e094e99d7f,Moyra,Cockerham,Female,199.252.176.110
eef762d3-f295-4d81-8033-3ec942d82264,Holly,Baythrop,Female,69.228.239.187
82c9066c-efdf-447c-843d-f895757b2154,Reginald,Momford,Male,28.110.119.79
e653b352-0636-4859-81b2-e8fd3df3ab53,Kliment,Le Friec,Bigender,221.226.18.13
7884f756-f6b3-4e62-b34a-e6501723db5e,Myrtle,Warwick,Female,99.189.127.29
f0d87e4e-23c7-4163-a3e5-f80201f7944e,Briant,Pavlenko,Male,15.152.148.232
66a3719a-a5a1-4136-b99e-eba8aefc80fa,Dionis,Pauncefort,Female,167.152.109.244
2803f8c1-5b34-48dc-ba66-d68ae68324c0,Jemie,Beaze,Female,172.95.217.244
721b9c51-e503-46e8-a755-acd34571cd2e,Stefania,Coughan,Female,178.103.9.252
c7c9ae14-4d03-45b7-83dc-8b719b90340f,Glad,Grafham,Female,133.120.44.131
e4528053-5393-4632-9f98-dbc3979ddece,Mufi,Ioselev,Bigender,108.71.15.132
999fb467-ce5f-42e2-80e2-5d2142cd8adf,Nicolle,Toffel,Female,238.81.250.35
7136b0ae-b903-45e9-bf7c-970d0d625527,Charlot,Gerner,Female,51.37.29.175
612aac92-d35d-46f7-abe1-93ae7ada2675,Calvin,Covolini,Male,218.210.97.4
546a1a46-7816-4176-ae39-3a282fe8d355,Consuela,Mateja,Non-binary,166.172.159.71
cd48d004-cf86-4d5f-9425-4185e2a1791f,Eilis,Sargint,Female,39.128.140.207
f99792dd-e505-4b90-ad70-d69caf1aadfe,Charlena,Ellse,Female,93.250.15.172
b266c58c-e771-43f2-8257-f2b6d0661a42,Danya,Wedge,Male,216.218.12.61
8634403a-2cf0-4961-8474-2d8437253755,Daryle,Phettis,Male,208.162.141.32
c0f057a3-201a-49c5-9538-123d540eee9f,Lisa,Collyer,Female,44.104.38.187
896b41a0-66a5-4d04-9a49-816a278a7ffb,Waneta,Renzini,Female,247.132.143.221
efd8a8b7-2103-42d7-9614-06f2e80bc91e,Harper,McFarlane,Male,240.5.43.248
19ddaf42-a2ee-4576-8a12-5b5c35f01659,Lydie,Mc Caughen,Female,78.149.25.73
eb3008b2-b094-4296-b97d-31bbc9b26a13,Chevalier,Sired,Male,217.122.166.47
2fc116f3-b015-4ab2-8611-26bc74bca8ad,Renee,Buttress,Female,44.21.214.16
46130e3c-4d4e-4573-9fb1-9e9530634545,Erasmus,Brahm,Male,205.209.63.21
30ac56fd-52ca-46dc-bc00-c4b0b192d17c,Anna-maria,Sauvain,Female,151.61.110.15
b6968f56-5dc0-44c0-a4ae-63d0073924ef,Latrena,Jirik,Female,251.91.73.69
704fc70d-a3e7-4e7c-ac08-dca0596ee25a,Zebadiah,Horrigan,Male,111.228.18.181
6ff4d68c-ba74-48fc-ba8f-4162910805e6,Isa,Rignall,Male,8.156.41.73
b3d840d1-5dbe-4eb5-9b36-020ca40083f9,Mercedes,Corthes,Female,207.79.77.18
e0f3663b-4e40-4958-8e35-1aff01d475be,Kim,Latehouse,Male,222.80.154.32
fd50bfad-0856-49c4-ac79-32c4d306f523,Deeanne,Martensen,Female,184.49.34.187
fd886ded-355c-4ddf-9f32-a75605f4ed2d,Alexander,Meneely,Bigender,20.35.162.254
96389970-ecca-4add-87ec-f62fca619ba0,Aldridge,Dudden,Male,53.223.245.206
1b495921-5c4f-45dc-bd31-ca9a73665bc4,Norrie,Coppeard,Male,124.15.3.44
e1171ec7-7259-4290-814d-57afc152090f,Rex,Blesli,Male,149.87.28.80
6decb8e1-09d6-4226-828e-d1c9d7207466,Francklin,Durdan,Male,231.56.148.16
1018c1e9-7ffd-4526-97c7-5c987ab1b092,Orella,Laughnan,Female,192.194.52.9
a0157295-738b-4b29-b95e-2b457d4816cb,Maybelle,Brand,Female,173.213.233.205
61ea46d2-449f-4349-8187-8c97f1f0c1ca,Fabian,Champe,Male,217.74.24.242
a1ca880a-33ae-4983-b0c0-edbdcce9eb76,Dani,Shellard,Male,101.201.169.92
6d56a195-5027-4def-b44e-6638c2f96a1d,Garek,McDirmid,Male,23.191.53.250
e83f71ec-f280-4d46-a665-b18cab6000e0,Jarred,Raffin,Male,79.232.10.221
d46bdb8b-4b71-4709-9b7c-54b29a3b1cbb,Georgena,Davids,Female,236.199.155.211
0de8acbc-64aa-4b07-aeb2-ad8b08854c34,Augusta,Longstreeth,Female,135.183.232.207
0d6d5575-ec65-41d6-a68c-9a9758ed98d8,Anjanette,Dyott,Female,9.249.189.69
9dbd7e4b-54f7-4768-aa2b-773d4d22dfcd,Elna,De Blase,Female,8.28.230.244
407bfe40-6741-46d7-bcf5-bee55b1e95b9,Ansell,Benting,Male,249.181.103.95
abdd7e1c-f4ef-4125-ad55-44a84765ce8f,Archibold,Sheriff,Male,79.7.83.203
fd10514e-07c9-4c30-b771-b7b8a09da740,Erin,Braiden,Male,62.74.180.133
3cb47da7-6a58-43bb-a265-576d2380da7f,Demetra,Tomczykowski,Female,58.245.185.124
a04371d8-a223-49e7-9324-d1ab959da415,Hamnet,Ledgister,Male,49.240.239.250
5cc009eb-c6c8-41f9-90cb-349581054469,Hurlee,Merryman,Male,92.113.151.13
93de3b85-9ab4-4560-9829-ccce4add159e,Nicki,Blas,Female,252.235.121.83
ba8cc794-a04d-49d6-a840-caddeb8bf901,Joli,Cake,Female,217.0.82.236
4a7c1439-110c-4638-9474-5c86ae1b3d2f,Sonnie,Lowndesbrough,Female,20.46.128.75
da92509b-d592-4e4d-9cd3-482f7d9e5ab9,Julianne,Higgen,Female,40.86.168.220
20e8cdc0-afc8-451f-b30a-02ff75128bea,Barton,Jann,Agender,99.137.124.99
a13e8a26-3a1b-40ce-9532-86ae840c2b61,Marylynne,Wallas,Female,205.177.205.217
b9469413-f69e-495f-9d89-0303713ddc9a,Aharon,Kemp,Male,255.252.221.211
7b5f7566-f92f-4fe0-8c49-09d223d6c843,Evyn,Castleton,Non-binary,252.119.113.152
15d44429-ea0e-41ff-98c9-450015abf614,Giovanni,Hawkeswood,Male,191.131.170.189
e01272da-8438-4053-964c-43a89f0acc09,Kristopher,Deble,Male,207.141.162.250
e987520c-0e0d-4b59-9d8f-fbae79f14317,Trula,Kahen,Female,178.227.86.90
b943cdbd-e83b-4432-bd6d-af0f67586816,Hana,Tapson,Female,43.82.253.231
a21da4be-9679-4d88-a409-cb0c609ed4b9,Reinold,Glentworth,Male,162.37.255.21
bc30d63f-5fbf-4e10-9a9d-e53663b8dbc5,Angelia,Margach,Female,229.183.112.81
47893755-1ecb-4710-abd3-20b04d0202a1,Rourke,Dearnley,Male,125.221.115.159
8dd1de20-3442-41fa-9f6d-67809883c30e,Roxine,Wibrow,Female,193.178.76.222
70fe4bd3-dce3-4056-8cc1-588279b5b537,Anastassia,Gouldstone,Female,43.175.183.167
44230cea-7b60-400d-9a61-57061b011522,Konrad,Mallinson,Male,7.224.131.231
0bcbce96-29ee-4884-ae8a-bff289ec9f5f,Poul,Liddard,Male,251.178.46.90
5938243e-938a-4895-a45f-d14c3666ad2e,Yul,Hennemann,Male,131.38.189.25
95927933-701b-484e-bba1-b61a96187943,Jewell,Bolam,Female,226.170.81.87
e9c066d7-a46a-45d8-8565-2358b6776339,Arch,Matteuzzi,Male,47.168.164.225
72fe94fb-39d0-47d2-ae2f-227689e775cb,Odele,Betho,Female,78.89.226.98
73f47dc6-9163-448a-af97-238e58553de8,Hedvige,Espinheira,Female,223.125.101.118
6e124153-4ebb-4d04-981b-949f82a51e13,Cordy,Matoshin,Male,189.157.138.170
45d325fb-7f0e-4234-833c-40a3f6b1c9d7,Malory,Daventry,Female,56.83.135.8
39819ab7-bcae-4250-9643-ce651e91fae7,Tallie,Clunie,Female,96.175.98.180
eb81b03c-9e62-4b9a-b86a-26bd45882ec5,Jdavie,Abbiss,Male,73.44.200.199
bf1caa4a-ab89-4403-bf37-ec2cbf3a5949,Fenelia,Duddell,Female,87.62.50.99
447ec154-0580-4ae3-90a0-aa0790642424,Cad,Janos,Male,173.170.20.36
58e4338c-a14a-4097-9c17-f181bda5867b,Chrissie,Boucher,Female,171.194.228.30
17839a32-a264-455e-bb18-9eb21346311b,Juliette,Lyddiard,Female,40.248.141.93
5f7243f3-5deb-455f-ac11-71d9772861b7,Dov,MacKowle,Male,171.254.50.221
35b97f2d-72a0-4fd9-9cad-9e8f45b644a5,Emanuele,Tomkys,Male,148.229.120.56
d5985223-773c-4ffc-abd4-a9efe358febf,Ronnie,Bulfoy,Female,28.125.28.177
d3818e41-99a4-4544-9dfe-66e3579eafaa,Carmina,Kalb,Agender,231.234.142.106
2bec0012-07e9-4e8c-905d-81b28106dd00,Freddie,Arnaldo,Male,57.235.110.14
0baf321c-6857-443b-8adc-e64ceea0e734,Arther,Hymor,Male,132.62.254.10
259d265d-e425-4c35-8c17-ba78ebcf0a95,Darrin,Axon,Male,250.186.189.125
51384daa-5627-4f65-9fa0-a9df1160722f,Norrie,Fursey,Female,67.11.68.187
057414f0-dba4-45d8-a811-61f4f04ab201,Auberon,Waldron,Male,126.215.138.57
e76f1540-8541-4cc3-96a9-a2512ab709ef,Jimmie,Kovelmann,Male,252.213.35.222
d1087b44-b496-4001-9c91-ee28433ca360,Alphonso,Drinkall,Male,175.130.191.248
05d555a4-8c84-4c23-91a0-696ec504e989,Zsa zsa,Plackstone,Female,179.238.222.138
875a05d9-c460-4887-9770-1251e575f9a5,Wake,McKinnon,Male,40.58.111.80
fe49efdd-4c80-44a0-b618-5cc10ea068d8,Valentine,Scatcher,Male,225.218.188.139
e6a9f3fe-2abc-4c56-8403-0f7f732c901a,Terrill,Sendall,Bigender,174.177.213.88
82b5dcf5-4357-4871-b32d-4d3a375e7ced,Maynard,Risom,Male,12.242.54.154
12fcad33-81d9-4eb9-b379-4ecf8fde7aa0,Tootsie,Haggata,Female,5.57.2.239
00aab1c8-67e9-4abd-8c9b-323c13371e1e,Noll,Rotlauf,Male,187.54.70.61
5141fb86-cc38-48f9-9667-c20e39089b95,Bogey,Fouch,Genderfluid,127.173.182.103
7d900c91-1d63-43ca-afb7-90fc02b32b85,Osmond,Syphas,Male,41.151.108.231
e71c158b-e135-4bc6-b032-97051f67e6fa,Clarita,Vial,Female,103.183.20.88
d2b8e066-b45d-4414-a41c-b378a57d3775,Marijn,Olin,Male,5.253.253.238
627cb5a1-c524-4864-abc1-af82f63b6a9a,Alexandr,Powe,Male,28.199.215.68
5f9fc06c-1175-4595-bbdb-9fe46ee0344f,Faythe,Pellant,Female,52.159.229.11
de778f3e-56f1-4f4f-9167-43749dbc0124,Lucien,Stokey,Male,16.146.251.15
03f6db27-1fc3-45c5-b686-664826873d80,Natalee,Gillyett,Non-binary,76.171.55.204
42901ad2-a511-48ce-9523-4ffafbd111b1,Ulrick,Karim,Non-binary,177.183.167.222
57200868-02dc-4ac2-8719-e9870eea959e,Mab,Fackrell,Female,5.0.154.48
0edc043d-aca2-45c5-847f-772b7f3e0831,Jewelle,Moller,Female,182.192.58.22
d0cb48d9-0239-4521-a7ca-1235c897c364,Siegfried,Fumagallo,Male,144.187.32.230
4f6f8dfe-e4a0-462b-b726-4a463f67d1b7,Isabel,Bertie,Female,128.39.157.62
1e48f0ed-4c57-4ab3-8990-88f5b6e35694,Maris,Hryniewicz,Female,178.229.206.159
6d1dc6dc-acc6-4c16-9f5c-946d8c84edef,Gareth,Lefwich,Male,233.119.231.60
86dee25c-f898-4994-80fe-c439f57b3020,Moe,Marlon,Male,40.199.244.50
fbc09d25-a8d0-4cae-87fc-c79421f1a794,Gregor,Borkett,Male,129.95.172.124
ff6a872d-5eac-4923-9506-f82a2420c4aa,Fabian,Tumielli,Male,68.205.116.70
f2c82628-e108-4497-8c3d-b16e1fb88bc4,Cyrille,Marxsen,Male,93.184.97.106
56ef2c35-faf5-4396-a2bd-4e92bcf0fbf3,Shandie,Cope,Female,234.81.160.250
6e8ed9e3-e578-4f96-910d-a7d8218bf5aa,Tonya,Showalter,Female,113.246.27.40
05b4bdb3-cdf2-4912-97cf-dd7a9d01b719,Tim,Cathee,Female,27.206.237.77
